Rk,Player,Pos,Age,Tm,G,MP,PER,TS%,3PAr,FTr,ORB%,DRB%,TRB%,AST%,STL%,BLK%,TOV%,USG%,,OWS,DWS,WS,WS/48,,OBPM,DBPM,BPM,VORP
1,Trae Young\youngtr01,PG,20,ATL,81,2503,17.0,.539,.384,.330,2.6,10.2,6.3,40.5,1.3,0.5,17.6,28.4,,2.5,0.7,3.3,.062,,2.3,-2.8,-0.6,0.9
2,Omari Spellman\spellom01,PF,21,ATL,46,805,12.4,.516,.525,.184,9.2,16.3,12.7,8.0,1.5,2.7,10.5,14.9,,0.6,0.5,1.2,.070,,-0.5,-0.7,-1.2,0.2
3,Jordan Sibert\siberjo01,SG,26,ATL,1,4,29.7,1.500,1.000,.000,0.0,0.0,0.0,0.0,0.0,0.0,0.0,10.2,,0.0,0.0,0.0,.183,,13.7,2.2,16.0,0.0
4,Taurean Prince\princta02,SF,24,ATL,55,1552,11.9,.575,.530,.195,1.5,12.3,6.7,11.1,1.6,1.1,13.4,19.5,,0.8,0.7,1.5,.047,,-1.0,-1.0,-2.0,0.0
5,Alex Poythress\poythal01,PF,25,ATL,21,305,12.2,.571,.284,.358,9.8,16.6,13.1,7.7,0.6,2.8,12.2,14.2,,0.4,0.2,0.5,.086,,-2.5,-1.0,-3.5,-0.1
6,Miles Plumlee\plumlmi01,C,30,ATL,18,173,18.9,.654,.000,.625,9.5,14.3,11.8,14.7,1.6,2.0,14.0,16.7,,0.4,0.1,0.5,.145,,1.6,0.0,1.6,0.2
7,Alex Len\lenal01,C,25,ATL,77,1544,17.2,.575,.315,.333,10.5,18.5,14.4,8.6,0.8,3.9,11.5,22.1,,2.2,1.0,3.2,.100,,0.0,-1.3,-1.2,0.3
8,Isaac Humphries\humphis01,C,21,ATL,5,56,3.4,.357,.524,.000,7.4,13.4,10.3,0.0,0.8,0.0,0.0,15.2,,-0.1,0.0,-0.1,-0.047,,-6.2,-4.7,-11.0,-0.1
9,Kevin Huerter\huertke01,SG,20,ATL,75,2048,10.1,.533,.537,.085,3.0,9.7,6.3,14.5,1.5,1.1,13.8,15.7,,0.7,0.7,1.5,.034,,-1.6,-0.8,-2.4,-0.2
10,Daniel Hamilton\hamilda02,SG,23,ATL,19,204,7.1,.455,.383,.100,5.0,19.5,12.1,14.5,1.4,0.4,20.3,15.7,,-0.2,0.1,-0.1,-0.024,,-3.6,-0.5,-4.1,-0.1
11,Dewayne Dedmon\dedmode01,C,29,ATL,64,1609,16.0,.602,.413,.215,6.7,25.0,15.7,8.1,2.0,3.8,12.7,16.7,,2.1,1.9,4.0,.119,,-0.3,0.8,0.5,1.0
12,Deyonta Davis\davisde01,C,22,ATL,9,118,15.6,.682,.045,.455,8.7,23.7,16.0,5.8,1.2,3.7,10.2,10.1,,0.3,0.1,0.4,.145,,-1.5,-0.6,-2.0,0.0
13,John Collins\collijo01,PF,21,ATL,61,1829,21.8,.627,.190,.320,12.3,22.1,17.1,11.0,0.6,1.8,11.2,23.7,,5.0,1.0,6.0,.158,,2.8,-1.9,0.9,1.3
14,Vince Carter\cartevi01,PF,42,ATL,76,1330,11.8,.565,.675,.141,2.4,13.2,7.7,9.3,1.5,1.8,8.8,16.7,,1.2,0.7,1.9,.070,,-0.4,-0.3,-0.7,0.5
15,DeAndre' Bembry\bembrde01,SG,24,ATL,82,1931,10.8,.508,.281,.221,2.9,16.9,9.7,14.7,2.5,1.8,17.4,17.2,,-0.9,1.7,0.9,.022,,-3.3,0.8,-2.4,-0.2
16,Kent Bazemore\bazemke01,SG,29,ATL,67,1643,11.9,.507,.434,.253,2.3,14.6,8.3,13.5,2.5,2.2,13.6,22.0,,-0.7,1.4,0.7,.021,,-2.5,0.2,-2.3,-0.1
17,Justin Anderson\anderju01,SF,25,ATL,48,463,11.2,.516,.490,.223,5.3,13.9,9.5,6.9,2.2,2.4,11.8,17.2,,0.1,0.4,0.4,.043,,-2.4,-0.3,-2.7,-0.1
18,Jaylen Adams\adamsja01,PG,22,ATL,34,428,7.6,.474,.673,.082,2.6,12.3,7.4,19.8,1.5,1.0,19.7,13.5,,-0.1,0.2,0.1,.011,,-3.8,-0.5,-4.3,-0.2
19,Guerschon Yabusele\yabusgu01,PF,23,BOS,41,251,12.4,.542,.364,.286,9.8,12.8,11.3,8.2,1.5,2.5,14.8,17.5,,0.2,0.3,0.5,.090,,-2.5,-0.2,-2.7,0.0
20,Robert Williams\williro04,C,21,BOS,32,283,18.8,.703,.000,.294,10.2,20.4,15.3,3.3,1.5,12.5,14.8,10.3,,0.5,0.6,1.2,.201,,-1.7,3.4,1.8,0.3
21,Brad Wanamaker\wanambr01,PG,29,BOS,36,343,14.3,.597,.371,.267,0.9,11.8,6.4,22.5,1.7,0.5,13.9,17.1,,0.6,0.4,1.0,.134,,-1.3,0.7,-0.7,0.1
22,Daniel Theis\theisda01,C,26,BOS,66,908,17.0,.624,.252,.286,10.2,16.2,13.2,10.5,1.1,4.1,9.9,15.8,,2.3,1.3,3.5,.188,,-0.8,0.9,0.0,0.5
23,Jayson Tatum\tatumja01,SF,20,BOS,79,2455,15.1,.547,.300,.220,3.0,17.7,10.4,10.0,1.6,2.1,9.7,22.1,,1.6,3.4,5.0,.097,,-0.4,0.2,-0.2,1.1
24,Marcus Smart\smartma01,SG,24,BOS,80,2200,13.1,.568,.610,.228,2.8,8.6,5.7,19.1,3.1,1.1,16.5,14.6,,2.2,3.1,5.3,.116,,-1.2,2.0,0.8,1.5
25,Terry Rozier\roziete01,PG,24,BOS,79,1791,12.9,.501,.506,.140,1.9,16.4,9.1,17.7,1.8,1.0,8.8,18.6,,0.9,2.3,3.2,.086,,-0.7,0.5,-0.2,0.8
26,Semi Ojeleye\ojelese01,PF,24,BOS,56,594,8.5,.531,.563,.247,4.3,11.2,7.7,5.1,0.8,0.6,9.8,14.1,,0.2,0.5,0.7,.057,,-2.8,-1.2,-4.0,-0.3
27,Marcus Morris\morrima03,PF,29,BOS,75,2091,14.2,.568,.461,.205,3.9,19.5,11.7,7.5,1.0,1.1,9.1,20.9,,2.1,2.5,4.5,.104,,-0.2,-0.7,-0.9,0.6
28,Kyrie Irving\irvinky01,PG,26,BOS,67,2214,24.3,.592,.350,.197,3.4,12.7,8.1,35.0,2.2,1.4,11.3,29.6,,6.2,2.9,9.1,.197,,6.0,1.1,7.2,5.1
29,R.J. Hunter\hunterj01,SG,25,BOS,1,26,21.5,.612,.769,.154,4.1,8.2,6.2,18.0,1.9,0.0,0.0,23.0,,0.1,0.0,0.1,.226,,3.2,0.4,3.6,0.0
30,Al Horford\horfoal01,C,32,BOS,68,1973,20.2,.605,.281,.131,6.5,18.3,12.4,21.2,1.4,3.9,11.8,18.9,,4.5,2.9,7.5,.181,,3.3,1.9,5.1,3.6
31,Gordon Hayward\haywago01,PF,28,BOS,72,1863,15.6,.575,.364,.294,2.9,15.5,9.2,18.4,1.6,1.1,12.8,19.0,,2.6,2.3,4.9,.126,,0.4,0.4,0.8,1.3
32,PJ Dozier\doziepj01,SG,22,BOS,6,51,16.0,.434,.381,.095,12.5,23.1,17.8,13.7,1.9,0.0,0.0,18.5,,0.1,0.1,0.1,.125,,-1.3,-0.6,-2.0,0.0
33,Jaylen Brown\brownja02,SG,22,BOS,74,1913,13.5,.547,.348,.255,3.6,13.9,8.7,7.7,1.7,1.5,10.1,22.1,,0.7,2.4,3.0,.076,,-1.6,-0.4,-2.1,0.0
34,Aron Baynes\baynear01,C,32,BOS,51,821,14.0,.567,.274,.278,11.4,19.8,15.6,9.3,0.7,3.7,13.8,15.2,,1.3,1.1,2.4,.139,,-1.8,0.3,-1.5,0.1
35,Alan Williams\willial03,PF,26,BRK,5,26,32.9,.610,.077,.308,16.2,60.3,38.4,22.3,1.8,0.0,6.3,25.5,,0.1,0.1,0.2,.312,,7.6,4.2,11.8,0.1
36,D'Angelo Russell\russeda01,PG,22,BRK,81,2448,19.4,.533,.419,.135,2.3,11.2,6.8,41.3,1.9,0.6,13.6,31.9,,2.4,2.6,5.0,.097,,4.0,-0.6,3.4,3.4
37,Theo Pinson\pinsoth01,SG,23,BRK,18,211,8.1,.490,.630,.301,2.0,15.9,9.0,14.1,1.4,0.0,17.9,20.0,,-0.2,0.2,0.0,.004,,-3.6,0.4,-3.2,-0.1
38,Shabazz Napier\napiesh01,PG,27,BRK,56,983,15.3,.534,.524,.317,1.9,8.7,5.3,22.2,2.0,1.3,11.7,24.0,,1.0,1.0,2.0,.098,,0.9,0.6,1.5,0.9
39,Džanan Musa\musadz01,SG,19,BRK,9,39,5.8,.415,.455,.091,2.7,10.7,6.7,8.6,2.4,0.0,14.9,29.0,,-0.2,0.0,-0.1,-0.152,,-6.3,-0.9,-7.2,-0.1
40,Tahjere McCall\mccalta01,SG,24,BRK,1,8,9.6,.581,.333,.333,0.0,13.1,6.6,0.0,0.0,0.0,0.0,18.1,,0.0,0.0,0.0,.055,,-6.0,-0.6,-6.6,0.0
41,Caris LeVert\leverca01,SF,24,BRK,40,1063,14.9,.509,.319,.255,3.5,11.4,7.5,23.2,1.9,1.0,11.4,24.0,,0.5,1.2,1.7,.077,,-0.3,0.5,0.2,0.6
42,Rodions Kurucs\kurucro01,SF,20,BRK,63,1294,11.0,.545,.410,.205,4.6,15.4,10.0,6.0,1.5,1.5,13.6,18.4,,0.1,1.5,1.6,.059,,-2.9,0.3,-2.6,-0.2
43,Rondae Hollis-Jefferson\holliro01,SF,24,BRK,59,1234,12.5,.464,.101,.376,7.1,19.2,13.2,11.7,1.7,1.7,10.7,21.6,,-0.5,1.7,1.2,.047,,-3.0,0.4,-2.6,-0.2
44,Joe Harris\harrijo01,SG,27,BRK,76,2293,13.5,.645,.516,.178,2.4,10.9,6.7,11.9,0.8,0.6,13.0,17.0,,3.8,1.7,5.5,.116,,0.8,-0.3,0.5,1.4
45,Treveon Graham\grahatr01,SG,25,BRK,35,715,6.1,.458,.670,.115,3.4,12.3,7.9,6.5,0.9,0.8,7.8,12.8,,-0.1,0.6,0.5,.033,,-3.7,0.0,-3.7,-0.3
46,Jared Dudley\dudleja01,PF,33,BRK,59,1220,7.8,.554,.632,.192,2.9,10.4,6.7,9.2,1.4,1.0,14.2,10.4,,0.6,1.2,1.8,.070,,-2.9,1.1,-1.8,0.1
47,Spencer Dinwiddie\dinwisp01,PG,25,BRK,68,1914,16.3,.580,.447,.430,1.4,7.6,4.6,25.6,1.0,0.7,13.4,24.9,,3.5,1.4,4.8,.121,,1.4,-0.8,0.6,1.3
48,Ed Davis\davised01,C,29,BRK,81,1446,17.3,.632,.007,.536,15.8,34.6,25.2,6.0,1.2,1.8,14.6,12.7,,3.3,2.5,5.7,.191,,-0.6,0.7,0.0,0.7
49,Allen Crabbe\crabbal01,SG,26,BRK,43,1133,7.7,.519,.694,.150,1.5,12.2,6.9,5.8,1.0,0.9,10.4,16.4,,-0.2,1.0,0.8,.035,,-2.4,-0.4,-2.8,-0.2
50,DeMarre Carroll\carrode01,PF,32,BRK,67,1703,12.1,.546,.539,.421,4.2,17.3,10.8,7.2,0.9,0.5,9.7,18.6,,1.5,1.6,3.1,.088,,-0.9,-0.6,-1.5,0.2
51,Jarrett Allen\allenja01,C,20,BRK,80,2096,18.5,.632,.079,.489,9.6,24.0,16.8,7.9,1.0,4.5,13.0,15.9,,4.4,3.3,7.6,.175,,0.2,1.4,1.6,1.9
52,Tyler Ulis\ulisty01,PG,23,CHI,1,1,0.0,,,,0.0,0.0,0.0,0.0,0.0,0.0,,0.0,,0.0,0.0,0.0,-0.015,,-7.7,-2.7,-10.4,0.0
53,JaKarr Sampson\sampsja02,SF,25,CHI,4,127,22.5,.633,.259,.389,4.2,23.4,13.7,5.3,1.5,2.0,5.9,23.1,,0.3,0.1,0.5,.173,,3.6,0.2,3.7,0.2
54,Brandon Sampson\sampsbr01,SG,21,CHI,14,214,8.5,.567,.483,.100,1.5,6.7,4.1,6.8,1.8,1.2,16.1,15.2,,-0.1,0.1,0.0,.010,,-3.9,-0.9,-4.7,-0.1
55,Lauri Markkanen\markkla01,PF,21,CHI,52,1682,17.1,.553,.418,.245,4.7,25.9,15.2,7.2,1.1,1.7,8.8,25.1,,1.3,1.5,2.7,.078,,1.4,-1.5,-0.2,0.7
56,Robin Lopez\lopezro01,C,30,CHI,74,1606,15.9,.598,.058,.230,9.4,10.0,9.7,8.8,0.3,4.2,14.0,18.6,,2.0,0.7,2.7,.081,,-0.6,-1.4,-1.9,0.0
57,Walt Lemon Jr.\lemonwa01,PG,26,CHI,6,167,16.3,.468,.057,.126,2.6,15.1,8.8,30.3,3.2,0.5,9.8,26.6,,-0.1,0.2,0.1,.026,,-2.4,0.2,-2.2,0.0
58,Zach LaVine\lavinza01,SG,23,CHI,63,2171,18.7,.574,.283,.330,2.0,12.9,7.4,22.6,1.3,1.0,14.2,30.5,,1.7,1.1,2.8,.062,,2.4,-1.6,0.8,1.5
59,Chandler Hutchison\hutchch01,SF,22,CHI,44,895,8.8,.507,.239,.182,3.7,18.9,11.2,5.3,1.2,0.6,10.0,12.2,,0.0,0.6,0.6,.030,,-3.4,-0.5,-3.9,-0.4
60,Shaquille Harrison\harrish01,SG,25,CHI,73,1430,12.4,.494,.209,.289,2.5,14.5,8.4,14.1,3.0,1.8,11.1,16.5,,-0.1,1.6,1.4,.048,,-2.8,1.5,-1.3,0.2
61,Cristiano Felício\feliccr01,C,26,CHI,60,746,13.4,.568,.022,.408,11.4,20.5,15.9,7.2,0.7,0.8,13.5,14.3,,0.9,0.4,1.4,.088,,-2.0,-2.1,-4.1,-0.4
62,Kris Dunn\dunnkr01,PG,24,CHI,46,1389,12.4,.484,.190,.136,1.5,13.3,7.3,30.0,2.4,1.3,16.2,20.1,,-0.5,1.2,0.6,.022,,-2.8,0.2,-2.7,-0.2
63,Wendell Carter Jr.\cartewe01,C,19,CHI,44,1110,15.2,.541,.086,.302,8.4,21.8,15.0,10.7,1.1,4.5,13.4,19.1,,0.7,1.2,1.9,.080,,-2.2,0.6,-1.6,0.1
64,Antonio Blakeney\blakean01,SG,22,CHI,57,829,10.6,.487,.230,.192,0.9,13.1,6.9,8.2,0.7,0.9,7.5,24.5,,-0.8,0.3,-0.5,-0.030,,-2.4,-2.7,-5.2,-0.7
65,Ryan Arcidiacono\arcidry01,PG,24,CHI,81,1961,11.6,.588,.519,.244,1.5,10.8,6.1,18.9,1.6,0.2,12.0,11.7,,2.8,0.9,3.7,.090,,-2.0,0.1,-1.9,0.1
66,Rawle Alkins\alkinra01,SG,21,CHI,10,120,8.1,.418,.308,.308,9.9,13.7,11.8,15.2,0.4,0.0,15.3,19.0,,-0.1,0.0,-0.1,-0.042,,-3.8,-3.5,-7.3,-0.2
67,Cody Zeller\zelleco01,C,26,CHO,49,1243,17.2,.611,.064,.409,9.4,19.7,14.5,12.1,1.5,2.9,13.2,16.3,,2.6,1.2,3.9,.150,,-0.6,0.7,0.1,0.7
68,Marvin Williams\willima02,PF,32,CHO,75,2133,12.6,.548,.586,.132,3.8,17.1,10.3,6.1,1.6,2.5,6.4,14.9,,1.9,1.9,3.8,.086,,-0.4,0.2,-0.3,0.9
69,Kemba Walker\walkeke02,PG,28,CHO,82,2863,21.7,.558,.434,.267,1.9,11.9,6.8,29.4,1.7,1.0,10.1,31.5,,5.5,1.9,7.4,.123,,5.2,-1.0,4.2,4.4
70,Tony Parker\parketo01,PG,36,CHO,56,1003,15.3,.512,.110,.268,1.5,7.6,4.5,33.3,1.0,0.6,12.7,25.5,,0.6,0.3,0.9,.044,,-0.3,-2.3,-2.6,-0.1
71,Malik Monk\monkma01,SG,20,CHO,73,1258,11.8,.518,.563,.174,1.3,10.6,5.9,14.3,1.4,1.3,12.0,24.6,,-0.4,0.7,0.3,.012,,-1.3,-1.7,-3.0,-0.3
72,J.P. Macura\macurjp01,SG,23,CHO,2,17,5.7,.333,.444,.000,0.0,19.4,9.5,18.0,0.0,0.0,0.0,22.8,,0.0,0.0,0.0,-0.110,,-4.7,-2.9,-7.7,0.0
73,Jeremy Lamb\lambje01,SG,26,CHO,79,2250,17.3,.552,.337,.266,3.1,18.1,10.4,11.9,1.9,1.2,6.8,22.5,,3.3,2.0,5.3,.113,,1.2,0.0,1.2,1.8
74,Michael Kidd-Gilchrist\kiddgmi01,PF,25,CHO,64,1179,13.3,.553,.142,.370,7.9,14.8,11.3,7.4,1.3,2.9,10.0,15.7,,1.5,1.0,2.5,.100,,-2.3,-0.1,-2.4,-0.1
75,Frank Kaminsky\kaminfr01,C,25,CHO,47,755,16.8,.587,.466,.359,5.5,18.1,11.7,12.9,0.8,1.4,10.6,22.1,,1.3,0.5,1.8,.114,,1.4,-1.1,0.3,0.4
76,Willy Hernangómez\hernawi01,C,24,CHO,58,812,20.4,.587,.132,.488,15.3,26.3,20.7,11.5,1.0,2.1,13.9,22.1,,1.8,0.8,2.6,.153,,1.1,-1.1,-0.1,0.4
77,Devonte' Graham\grahade01,PG,23,CHO,46,676,10.3,.459,.560,.213,1.6,8.6,5.0,24.8,1.7,0.3,11.3,17.0,,0.2,0.3,0.5,.035,,-2.6,-1.3,-4.0,-0.3
78,Joe Chealey\chealjo01,PG,23,CHO,1,8,2.0,.333,.000,.000,0.0,0.0,0.0,17.7,0.0,0.0,0.0,16.2,,0.0,0.0,0.0,-0.080,,-8.5,-6.0,-14.6,0.0
79,Miles Bridges\bridgmi02,SF,20,CHO,80,1696,13.1,.548,.391,.151,4.2,16.6,10.3,8.1,1.6,2.5,8.4,15.1,,1.4,1.5,2.9,.083,,-0.9,0.1,-0.8,0.5
80,Bismack Biyombo\biyombi01,C,26,CHO,54,783,14.4,.602,.000,.583,11.0,23.3,17.0,5.9,0.7,4.6,14.8,12.7,,1.2,0.8,2.0,.125,,-2.4,0.0,-2.5,-0.1
81,Nicolas Batum\batumni01,SF,30,CHO,75,2354,11.9,.581,.530,.158,3.2,14.9,8.9,14.5,1.5,1.6,16.3,13.2,,2.0,1.7,3.7,.076,,-0.7,0.4,-0.3,1.0
82,Dwayne Bacon\bacondw01,SG,23,CHO,43,759,11.7,.570,.339,.179,1.1,11.7,6.3,9.2,0.8,0.6,6.1,16.8,,0.9,0.3,1.2,.073,,-2.1,-1.6,-3.7,-0.3
83,Ante Žižić\zizican01,C,22,CLE,59,1082,16.2,.590,.000,.399,10.6,22.8,16.4,7.7,0.6,1.8,13.6,18.2,,1.7,0.3,2.0,.087,,-1.1,-2.1,-3.2,-0.3
84,Tristan Thompson\thomptr01,C,27,CLE,43,1198,18.4,.551,.000,.279,15.4,25.7,20.3,11.2,1.2,1.2,12.1,17.7,,2.1,0.5,2.6,.105,,1.4,-1.9,-0.5,0.4
85,J.R. Smith\smithjr01,SG,33,CLE,11,222,7.8,.444,.494,.127,0.0,9.4,4.5,13.8,2.5,1.2,11.7,18.6,,-0.3,0.1,-0.2,-0.038,,-3.7,0.5,-3.2,-0.1
86,Kobi Simmons\simmoko01,PG,21,CLE,1,2,0.0,,,,0.0,0.0,0.0,0.0,0.0,0.0,,0.0,,0.0,0.0,0.0,-0.033,,-7.4,-3.2,-10.6,0.0
87,Collin Sexton\sextoco01,PG,20,CLE,82,2605,12.0,.520,.245,.211,2.3,8.0,5.0,15.3,0.8,0.2,12.3,25.2,,-0.1,-0.5,-0.6,-0.011,,-1.4,-3.3,-4.7,-1.8
88,Cedi Osman\osmande01,SF,23,CLE,76,2444,11.5,.536,.443,.214,2.0,14.8,8.1,12.1,1.2,0.4,11.0,18.6,,1.2,0.2,1.5,.029,,-1.4,-1.8,-3.2,-0.8
89,David Nwaba\nwabada01,SG,26,CLE,51,984,12.5,.558,.286,.324,4.4,14.4,9.2,8.1,1.8,1.5,8.8,14.6,,1.1,0.3,1.4,.069,,-1.8,-0.3,-2.1,0.0
90,Larry Nance Jr.\nancela02,C,26,CLE,67,1795,18.6,.583,.205,.280,10.0,24.9,17.1,17.8,2.8,1.9,15.3,15.5,,3.3,1.6,4.9,.131,,1.0,1.4,2.4,2.0
91,Kevin Love\loveke01,PF,30,CLE,22,598,19.5,.561,.519,.403,5.9,40.0,22.2,12.8,0.5,0.7,11.2,27.4,,1.0,0.4,1.3,.106,,3.3,-1.6,1.6,0.6
92,Jalen Jones\jonesja04,SF,25,CLE,16,214,11.7,.548,.452,.435,5.5,12.5,8.8,4.8,2.1,0.8,9.8,16.7,,0.2,0.1,0.3,.056,,-2.3,-1.9,-4.3,-0.1
93,John Holland\hollajo02,SF,30,CLE,1,1,0.0,,,,0.0,0.0,0.0,0.0,0.0,0.0,,0.0,,0.0,0.0,0.0,-0.032,,-3.4,-1.6,-5.0,0.0
94,Channing Frye\fryech01,C,35,CLE,36,341,8.9,.524,.675,.120,1.2,16.4,8.5,8.6,0.9,1.3,9.5,17.5,,0.1,0.0,0.1,.016,,-1.7,-1.8,-3.5,-0.1
95,Jordan Clarkson\clarkjo01,SG,26,CLE,81,2214,16.8,.539,.377,.163,3.9,9.9,6.8,15.6,1.3,0.5,9.6,27.6,,1.9,-0.1,1.8,.039,,2.1,-2.6,-0.5,0.8
96,Jaron Blossomgame\blossja01,SF,25,CLE,27,439,10.2,.510,.368,.123,6.3,19.1,12.4,4.2,0.8,1.6,9.0,12.2,,0.2,0.1,0.3,.030,,-1.9,-1.8,-3.8,-0.2
97,Deng Adel\adelde01,SF,21,CLE,19,194,2.7,.424,.639,.111,1.6,9.6,5.4,3.4,0.3,1.8,13.7,9.9,,-0.2,0.0,-0.2,-0.054,,-6.0,-1.6,-7.5,-0.3
98,Dwight Powell\poweldw01,C,27,DAL,77,1662,20.4,.682,.261,.523,9.1,17.3,13.2,10.7,1.3,2.6,10.1,17.2,,5.6,1.9,7.5,.215,,2.0,0.9,2.9,2.1
99,Dirk Nowitzki\nowitdi01,PF,40,DAL,51,795,9.6,.469,.545,.133,0.7,20.5,10.6,6.9,0.5,1.9,4.3,22.5,,-0.5,0.8,0.3,.016,,-2.7,-1.2,-3.9,-0.4
100,Salah Mejri\mejrisa01,C,32,DAL,36,399,16.1,.559,.304,.286,9.7,25.3,17.6,13.2,1.2,5.5,14.3,15.8,,0.5,0.6,1.1,.136,,-1.1,1.9,0.8,0.3
101,Daryl Macon\maconda01,SG,23,DAL,8,90,5.5,.482,.407,.259,2.4,11.8,7.1,11.2,0.5,0.0,16.6,17.2,,-0.1,0.0,0.0,-0.022,,-5.3,-2.6,-7.9,-0.1
102,Maxi Kleber\klebima01,PF,27,DAL,71,1502,13.1,.579,.565,.192,6.5,16.9,11.7,6.8,1.2,4.4,11.4,13.5,,1.6,1.8,3.5,.111,,-0.8,1.2,0.4,0.9
103,Devin Harris\harride01,PG,35,DAL,68,1071,10.7,.527,.576,.386,1.2,9.9,5.6,16.7,1.6,1.3,12.1,18.5,,0.6,0.9,1.5,.068,,-2.6,0.4,-2.2,-0.1
104,Dorian Finney-Smith\finnedo01,SF,25,DAL,81,1985,11.0,.530,.481,.195,7.5,13.4,10.5,6.9,1.7,1.5,11.4,14.0,,1.2,2.0,3.3,.079,,-1.8,0.4,-1.4,0.3
105,Luka Dončić\doncilu01,SG,19,DAL,72,2318,19.6,.545,.433,.409,4.0,21.9,13.0,31.6,1.6,0.9,15.0,30.5,,2.1,2.8,4.9,.101,,3.6,0.3,3.9,3.4
106,Jalen Brunson\brunsja01,PG,22,DAL,73,1591,12.8,.549,.320,.212,1.7,9.6,5.7,22.6,1.1,0.2,12.5,19.1,,1.5,1.0,2.6,.077,,-1.2,-0.5,-1.7,0.1
107,Ryan Broekhoff\broekry01,SG,28,DAL,42,453,10.7,.621,.738,.151,1.9,12.9,7.4,7.2,0.6,0.8,10.6,14.3,,0.5,0.3,0.8,.086,,-0.5,-0.5,-1.0,0.1
108,J.J. Barea\bareajo01,PG,34,DAL,38,752,16.3,.495,.332,.203,1.9,11.6,6.8,47.5,1.4,0.1,14.7,28.1,,0.4,0.6,1.0,.064,,1.2,-1.8,-0.6,0.3
109,Kostas Antetokounmpo\antetko01,PF,21,DAL,2,11,-0.9,.210,.000,1.333,0.0,9.7,4.9,0.0,8.8,0.0,17.4,22.5,,-0.1,0.0,-0.1,-0.247,,-12.6,-0.1,-12.7,0.0
110,Nick Young\youngni01,SG,33,DEN,4,37,2.3,.500,.889,.000,0.0,2.9,1.5,6.8,0.0,2.4,18.2,12.7,,0.0,0.0,0.0,-0.021,,-4.3,-2.5,-6.9,0.0
111,Thomas Welsh\welshth01,C,22,DEN,11,36,16.1,.648,.538,.154,0.0,12.1,6.0,20.5,0.0,0.0,6.7,17.7,,0.1,0.0,0.1,.162,,2.2,-1.1,1.2,0.0
112,Jarred Vanderbilt\vandeja01,PF,19,DEN,17,69,12.4,.513,.053,.526,10.9,25.2,18.0,5.9,4.3,1.3,25.5,19.4,,-0.1,0.1,0.1,.037,,-5.2,1.0,-4.2,0.0
113,Isaiah Thomas\thomais02,SG,29,DEN,12,181,7.0,.437,.434,.273,3.0,4.8,3.9,18.6,1.4,0.5,14.0,30.4,,-0.4,0.1,-0.3,-0.077,,-4.0,-2.5,-6.5,-0.2
114,Mason Plumlee\plumlma01,C,28,DEN,82,1731,17.8,.602,.023,.448,10.3,22.5,16.4,19.5,1.9,3.9,19.2,16.2,,2.9,2.9,5.8,.160,,-0.5,2.6,2.1,1.8
115,Jamal Murray\murraja01,PG,21,DEN,75,2447,16.0,.538,.353,.190,2.9,11.2,7.0,22.4,1.3,1.0,11.1,24.9,,2.8,2.3,5.1,.100,,1.4,-0.8,0.6,1.6
116,Monte Morris\morrimo01,PG,23,DEN,82,1970,16.2,.577,.323,.115,1.9,8.8,5.3,21.7,1.8,0.2,6.6,17.1,,4.4,1.8,6.2,.151,,1.1,0.3,1.5,1.7
117,Paul Millsap\millspa01,PF,33,DEN,70,1895,17.9,.570,.239,.374,8.7,20.2,14.4,10.6,2.2,2.5,10.9,19.6,,3.2,2.9,6.1,.155,,0.7,1.0,1.7,1.8
118,Trey Lyles\lylestr01,PF,23,DEN,64,1120,12.7,.500,.404,.234,4.2,19.6,11.9,11.3,1.3,1.8,11.1,23.4,,-0.2,1.4,1.2,.050,,-1.8,-0.7,-2.4,-0.1
119,Tyler Lydon\lydonty01,PF,22,DEN,25,94,9.3,.595,.556,.167,8.0,12.7,10.4,8.2,1.0,0.0,17.2,10.6,,0.1,0.1,0.2,.086,,-2.8,-1.4,-4.2,-0.1
120,Nikola Jokić\jokicni01,C,23,DEN,80,2504,26.3,.589,.224,.292,9.8,27.6,18.7,37.0,2.1,1.9,15.4,27.4,,7.5,4.3,11.8,.226,,6.2,2.9,9.1,7.0
121,Juan Hernangómez\hernaju01,PF,23,DEN,70,1358,11.0,.580,.576,.274,5.1,16.1,10.6,5.3,1.0,1.6,9.5,12.2,,1.6,1.4,3.0,.105,,-0.9,-0.2,-1.1,0.3
122,Gary Harris\harriga01,SG,24,DEN,57,1639,12.2,.526,.380,.226,2.7,7.9,5.3,11.0,1.6,1.0,8.9,20.0,,1.1,1.5,2.6,.076,,-1.2,-0.4,-1.6,0.2
123,Brandon Goodwin\goodwbr01,PG,23,DEN,16,57,8.3,.413,.261,.478,1.9,3.8,2.8,32.1,0.0,0.0,9.7,23.1,,0.0,0.0,0.0,.021,,-4.7,-4.8,-9.5,-0.1
124,Torrey Craig\craigto01,SF,28,DEN,75,1503,10.4,.547,.519,.193,6.4,12.6,9.5,6.3,1.2,2.7,10.1,12.4,,1.4,1.7,3.0,.096,,-2.0,0.2,-1.9,0.0
125,Malik Beasley\beaslma01,SG,22,DEN,81,1879,14.2,.599,.550,.090,2.0,9.5,5.8,7.5,1.4,0.5,6.7,18.7,,2.9,1.6,4.5,.115,,0.8,-0.7,0.1,1.0
126,Will Barton\bartowi01,SF,28,DEN,43,1189,11.0,.501,.426,.161,2.9,15.3,9.1,14.6,0.7,1.6,11.7,20.0,,0.1,1.1,1.2,.049,,-1.1,-0.8,-1.8,0.0
127,DeVaughn Akoon-Purcell\akoonde01,SG,25,DEN,7,22,8.2,.322,.400,.200,4.9,14.8,9.8,37.1,4.5,0.0,15.5,25.0,,-0.1,0.0,0.0,-0.051,,-7.9,2.1,-5.8,0.0
128,Khyri Thomas\thomakh01,SG,22,DET,26,195,6.2,.413,.507,.159,2.2,9.3,5.6,6.0,1.8,2.2,5.1,17.2,,-0.2,0.2,0.0,.005,,-4.9,-0.1,-5.0,-0.2
129,Ish Smith\smithis01,PG,30,DET,56,1251,11.8,.485,.276,.127,1.9,11.1,6.3,25.4,1.1,0.7,10.6,19.9,,0.5,1.1,1.7,.064,,-1.6,-0.3,-2.0,0.0
130,Glenn Robinson III\robingl02,SF,25,DET,47,610,8.7,.511,.352,.227,2.9,10.0,6.4,5.1,1.1,1.1,8.5,15.0,,0.1,0.6,0.7,.054,,-2.8,-0.1,-3.0,-0.2
131,Zaza Pachulia\pachuza01,C,34,DET,68,878,13.7,.539,.021,.642,11.9,21.5,16.5,14.7,1.7,1.6,18.7,15.0,,1.1,1.3,2.3,.128,,-2.8,1.6,-1.2,0.2
132,Kalin Lucas\lucaska01,PG,29,DET,1,6,16.6,.532,1.000,2.000,0.0,56.7,27.3,20.8,0.0,0.0,0.0,13.5,,0.0,0.0,0.0,.238,,-5.6,6.4,0.8,0.0
133,Zach Lofton\loftoza01,SG,26,DET,1,4,-10.0,.000,1.000,.000,0.0,0.0,0.0,0.0,12.3,0.0,50.0,21.6,,-0.1,0.0,0.0,-0.447,,-17.4,6.0,-11.5,0.0
134,Jon Leuer\leuerjo01,PF,29,DET,41,402,13.2,.616,.097,.274,7.1,19.8,13.2,5.5,1.5,0.8,15.4,16.1,,0.4,0.5,0.9,.110,,-2.8,0.4,-2.5,0.0
135,Luke Kennard\kennalu01,SG,22,DET,63,1437,11.9,.560,.517,.117,0.9,13.5,7.0,12.3,0.9,0.6,9.4,18.1,,1.3,1.3,2.5,.085,,-0.4,-0.6,-1.1,0.3
136,Reggie Jackson\jacksre01,PG,28,DET,82,2289,15.2,.547,.450,.225,2.1,8.5,5.2,24.7,1.2,0.3,11.4,24.5,,3.1,1.9,5.0,.105,,1.3,-0.9,0.4,1.4
137,Blake Griffin\griffbl01,PF,29,DET,75,2622,21.0,.581,.389,.410,4.0,20.1,11.8,27.1,1.0,0.9,13.8,30.2,,5.1,2.9,8.0,.147,,4.9,0.2,5.1,4.7
138,Langston Galloway\gallola01,SG,27,DET,80,1745,10.7,.534,.647,.164,3.0,7.9,5.4,7.3,1.0,0.4,3.7,16.1,,2.1,1.3,3.4,.094,,-0.9,-0.6,-1.5,0.2
139,Andre Drummond\drumman01,C,25,DET,79,2647,23.4,.555,.036,.392,16.8,34.7,25.4,7.2,2.5,4.4,12.4,22.9,,4.1,5.9,10.0,.181,,1.3,0.8,2.1,2.7
140,José Calderón\caldejo01,PG,37,DET,49,632,7.1,.453,.475,.092,1.8,8.8,5.2,24.9,1.2,0.4,21.9,10.9,,0.0,0.5,0.6,.043,,-4.2,0.3,-3.9,-0.3
141,Bruce Brown\brownbr01,SG,22,DET,74,1449,6.9,.469,.296,.191,3.5,10.7,7.0,8.8,1.4,2.1,11.9,11.5,,-0.1,1.6,1.5,.048,,-4.4,1.0,-3.3,-0.5
142,Klay Thompson\thompkl01,SG,28,GSW,78,2652,16.6,.571,.427,.113,1.6,10.1,6.0,10.5,1.5,1.5,7.2,25.6,,2.9,2.3,5.3,.095,,1.1,-1.4,-0.3,1.2
143,Alfonzo McKinnie\mckinal01,SF,26,GSW,72,1003,11.2,.569,.429,.175,9.0,16.9,13.1,4.0,0.9,1.3,9.2,13.9,,1.2,0.9,2.1,.100,,-2.2,-1.3,-3.5,-0.4
144,Kevon Looney\looneke01,C,22,GSW,80,1481,17.3,.636,.029,.303,14.6,15.4,15.0,10.9,1.5,3.0,11.5,12.8,,4.2,1.8,6.0,.194,,0.1,0.4,0.5,0.9
145,Shaun Livingston\livinsh01,PG,33,GSW,64,967,11.7,.555,.010,.243,4.9,7.9,6.5,14.8,1.5,2.3,14.1,12.0,,1.2,0.9,2.0,.101,,-1.7,0.7,-1.0,0.2
146,Damion Lee\leeda03,SG,26,GSW,32,375,11.9,.578,.535,.173,2.4,15.3,9.1,4.5,1.6,0.0,7.4,16.8,,0.3,0.4,0.7,.090,,-1.2,-1.1,-2.2,0.0
147,Damian Jones\jonesda03,C,23,GSW,24,410,15.3,.720,.000,.500,8.4,11.0,9.8,8.7,1.4,5.1,15.1,11.1,,1.0,0.5,1.5,.173,,-0.6,1.7,1.1,0.3
148,Jonas Jerebko\jerebjo01,PF,31,GSW,73,1218,13.5,.588,.530,.225,6.6,18.1,12.6,10.1,1.1,1.2,9.9,15.2,,2.1,1.2,3.3,.130,,-0.3,-0.4,-0.7,0.4
149,Andre Iguodala\iguodan01,SF,35,GSW,68,1578,13.1,.587,.477,.222,3.4,13.2,8.5,16.8,1.8,2.7,13.6,10.4,,2.4,1.8,4.2,.129,,0.1,1.7,1.8,1.5
150,Draymond Green\greendr01,PF,28,GSW,66,2065,12.9,.526,.391,.216,3.2,20.8,12.4,26.8,2.2,2.8,26.8,13.1,,1.1,3.2,4.3,.100,,-1.3,2.7,1.4,1.8
151,Jacob Evans\evansja02,SG,21,GSW,30,204,3.5,.374,.283,.019,3.3,9.5,6.5,13.7,1.2,1.2,17.1,13.5,,-0.3,0.2,-0.1,-0.030,,-6.9,-1.2,-8.2,-0.3
152,Kevin Durant\duranke01,SF,30,GSW,78,2702,24.2,.631,.281,.366,1.4,17.5,9.8,26.2,1.0,2.6,12.3,29.0,,8.6,2.9,11.5,.204,,5.4,0.1,5.5,5.1
153,Marcus Derrickson\derrima01,PF,22,GSW,11,67,19.4,.653,.606,.152,13.3,7.6,10.4,2.2,0.0,1.3,7.9,24.4,,0.2,0.0,0.2,.155,,2.6,-5.3,-2.7,0.0
154,Stephen Curry\curryst01,PG,30,GSW,69,2331,24.4,.641,.604,.214,2.2,14.2,8.4,24.2,1.9,0.9,11.6,30.4,,7.2,2.5,9.7,.199,,7.1,-0.5,6.6,5.1
155,DeMarcus Cousins\couside01,C,28,GSW,30,771,21.4,.562,.256,.388,6.2,27.0,17.1,20.4,2.5,4.8,14.2,28.1,,0.9,1.5,2.4,.151,,0.4,2.6,3.0,1.0
156,Quinn Cook\cookqu01,PG,25,GSW,74,1059,13.1,.565,.456,.059,2.3,13.0,7.9,15.2,0.9,0.2,10.0,20.2,,1.0,0.8,1.8,.082,,-0.5,-1.6,-2.1,0.0
157,Andrew Bogut\bogutan01,C,34,GSW,11,134,13.4,.523,.000,.083,10.0,32.8,21.9,10.6,1.1,5.0,17.7,14.5,,0.1,0.2,0.3,.111,,-3.7,0.8,-2.9,0.0
158,Jordan Bell\belljo01,C,24,GSW,68,788,12.9,.531,.010,.214,7.8,16.7,12.5,12.3,1.2,5.4,16.7,13.7,,0.5,1.1,1.6,.096,,-2.2,1.3,-0.9,0.2
159,P.J. Tucker\tuckepj01,PF,33,HOU,82,2802,9.2,.547,.740,.113,4.7,14.4,9.5,4.6,2.3,1.2,10.3,9.5,,2.0,3.0,5.0,.086,,-1.6,1.0,-0.6,1.0
160,Zhou Qi\qizh01,PF,23,HOU,1,1,80.4,1.000,.000,.000,0.0,0.0,0.0,0.0,0.0,0.0,0.0,43.4,,0.0,0.0,0.0,1.261,,40.1,11.9,52.0,0.0
161,Chris Paul\paulch01,PG,33,HOU,58,1857,19.7,.560,.493,.282,2.1,13.9,7.9,39.3,3.0,0.8,15.8,22.5,,4.4,2.2,6.6,.172,,2.7,1.1,3.9,2.8
162,Terrence Jones\joneste01,PF,27,HOU,2,5,-15.8,.225,.500,.250,0.0,90.3,44.2,0.0,0.0,0.0,18.4,47.2,,-0.1,0.0,-0.1,-0.661,,-24.7,-6.4,-31.1,0.0
163,Danuel House\houseda01,SF,25,HOU,39,979,12.2,.646,.706,.282,2.8,13.3,7.9,5.9,1.1,1.0,11.0,14.1,,1.6,0.7,2.3,.113,,0.1,-0.5,-0.5,0.4
164,Nenê\hilarne01,C,36,HOU,42,546,11.9,.552,.026,.405,6.7,18.4,12.5,6.8,1.6,2.3,7.4,11.7,,0.8,0.6,1.4,.123,,-3.1,0.9,-2.2,0.0
165,Isaiah Hartenstein\harteis01,PF,20,HOU,28,221,10.0,.562,.146,.341,10.3,13.3,11.8,9.4,1.6,4.6,21.6,11.8,,0.2,0.3,0.5,.101,,-5.1,1.2,-3.9,-0.1
166,James Harden\hardeja01,PG,29,HOU,78,2867,30.6,.616,.539,.449,2.5,17.8,10.0,39.5,2.7,1.7,14.5,40.5,,11.4,3.8,15.2,.254,,9.4,1.6,11.0,9.3
167,Gerald Green\greenge01,SG,33,HOU,73,1473,11.4,.555,.763,.118,2.2,11.7,6.8,4.1,1.1,1.6,8.3,19.5,,0.9,1.0,1.9,.061,,-0.2,-1.5,-1.7,0.1
168,Eric Gordon\gordoer01,SG,30,HOU,68,2158,12.2,.549,.640,.162,0.9,6.9,3.8,9.4,0.9,1.1,8.2,22.0,,1.7,1.0,2.6,.059,,0.5,-1.8,-1.3,0.4
169,Vince Edwards\edwarvi01,SF,22,HOU,2,16,3.8,.375,1.000,.000,6.8,7.1,6.9,0.0,0.0,0.0,0.0,10.9,,0.0,0.0,0.0,-0.014,,-1.6,-4.8,-6.4,0.0
170,Gary Clark\clarkga01,PF,24,HOU,51,641,9.2,.480,.914,.046,4.1,16.2,10.0,3.8,1.5,3.5,4.3,10.9,,0.3,0.7,1.0,.071,,-1.1,0.4,-0.7,0.2
171,Chris Chiozza\chiozch01,PG,23,HOU,7,33,7.0,.375,.625,.000,3.3,10.3,6.7,16.1,1.5,2.6,11.1,11.8,,0.0,0.0,0.0,.023,,-2.7,1.4,-1.3,0.0
172,Clint Capela\capelca01,C,24,HOU,67,2249,23.8,.658,.000,.357,14.4,27.6,20.8,7.1,1.0,3.9,10.0,18.2,,7.8,3.0,10.8,.230,,3.3,-0.3,3.0,2.8
173,Carmelo Anthony\anthoca01,PF,34,HOU,10,294,10.9,.513,.529,.182,3.3,17.3,10.2,2.6,0.7,2.0,5.8,20.5,,0.1,0.2,0.3,.048,,-1.3,-1.4,-2.7,-0.1
174,Thaddeus Young\youngth01,PF,30,IND,81,2489,16.2,.569,.174,.161,8.7,14.4,11.7,12.0,2.4,1.3,12.0,18.0,,3.0,3.9,6.9,.133,,0.4,1.1,1.5,2.2
175,Myles Turner\turnemy01,C,22,IND,74,2119,18.0,.567,.251,.258,5.4,22.0,13.9,8.0,1.4,8.4,10.3,20.0,,1.9,4.4,6.3,.144,,0.0,2.4,2.5,2.4
176,Edmond Sumner\sumneed01,PG,23,IND,23,210,7.6,.443,.422,.375,4.9,7.8,6.3,6.3,2.8,2.1,11.8,17.6,,-0.2,0.3,0.1,.020,,-5.8,0.5,-5.3,-0.2
177,Domantas Sabonis\sabondo01,C,22,IND,74,1838,21.9,.630,.024,.416,11.5,29.8,20.8,18.2,1.3,1.5,16.2,23.5,,4.3,3.3,7.6,.197,,1.9,1.3,3.1,2.4
178,Davon Reed\reedda01,SG,23,IND,10,47,8.1,.500,.333,.000,4.8,9.2,7.1,8.5,1.0,0.0,7.7,12.1,,0.0,0.0,0.1,.064,,-3.3,-2.2,-5.5,0.0
179,Victor Oladipo\oladivi01,SG,26,IND,36,1147,17.6,.519,.367,.240,2.1,17.1,9.8,25.2,2.6,0.9,11.2,27.9,,0.4,1.9,2.3,.097,,1.8,1.2,2.9,1.4
180,Kyle O'Quinn\oquinky01,C,28,IND,45,371,16.8,.537,.088,.154,8.9,26.4,17.8,22.4,1.2,6.0,17.6,20.8,,0.2,0.8,1.0,.125,,-2.5,3.0,0.4,0.2
181,Doug McDermott\mcderdo01,SF,27,IND,77,1340,11.6,.617,.488,.187,1.4,7.5,4.5,7.1,0.7,0.5,8.4,16.3,,1.8,1.1,2.9,.103,,-0.5,-0.9,-1.4,0.2
182,T.J. Leaf\leaftj01,PF,21,IND,58,522,16.9,.572,.169,.169,9.3,17.1,13.3,6.9,0.8,3.2,5.8,17.5,,0.9,0.7,1.6,.148,,0.3,-0.6,-0.3,0.2
183,Cory Joseph\josepco01,PG,27,IND,82,2063,11.0,.474,.312,.078,2.1,12.6,7.5,20.7,2.2,0.9,12.4,13.7,,0.5,2.9,3.5,.081,,-2.1,1.7,-0.4,0.9
184,Alize Johnson\johnsal02,PF,22,IND,14,64,6.3,.333,.125,.500,7.1,25.5,16.5,2.0,0.8,4.2,0.0,13.3,,-0.1,0.1,0.0,.027,,-5.7,-2.0,-7.7,-0.1
185,Aaron Holiday\holidaa01,PG,22,IND,50,646,11.9,.518,.485,.191,0.9,10.4,5.8,19.3,1.6,1.8,12.3,21.9,,0.1,0.8,0.9,.065,,-1.7,0.1,-1.6,0.1
186,Tyreke Evans\evansty01,SG,29,IND,69,1402,11.5,.483,.327,.242,2.7,13.0,7.9,17.5,2.0,1.1,13.9,26.4,,-1.7,2.0,0.3,.010,,-2.4,-0.3,-2.7,-0.2
187,Darren Collison\collida01,PG,31,IND,76,2143,16.7,.574,.294,.288,1.9,9.9,6.0,29.9,2.5,0.4,14.4,17.7,,3.9,2.9,6.8,.153,,0.8,1.0,1.8,2.1
188,Bojan Bogdanović\bogdabo02,SF,29,IND,81,2573,16.1,.613,.367,.290,1.5,12.7,7.2,9.5,1.3,0.0,10.2,22.4,,3.9,2.8,6.8,.126,,1.3,-0.6,0.7,1.7
189,Ike Anigbogu\anigbik01,C,20,IND,3,6,-6.0,.000,.000,.000,18.9,36.2,27.7,19.4,0.0,14.8,25.0,29.1,,-0.1,0.0,-0.1,-0.480,,-14.0,-2.3,-16.2,0.0
190,Lou Williams\willilo02,SG,32,LAC,75,1993,21.2,.554,.256,.426,2.2,9.4,5.9,33.0,1.3,0.4,11.8,32.4,,3.9,1.2,5.1,.123,,4.3,-2.1,2.2,2.1
191,Tyrone Wallace\wallaty01,PG,24,LAC,62,628,7.0,.450,.088,.263,3.5,13.2,8.5,9.5,1.6,0.9,12.9,18.7,,-0.8,0.5,-0.3,-0.023,,-5.6,-0.8,-6.4,-0.7
192,Sindarius Thornwell\thornsi01,SG,24,LAC,64,313,5.2,.485,.306,.694,1.7,12.8,7.5,7.2,2.1,1.8,23.8,11.3,,-0.3,0.3,0.0,.004,,-5.8,1.0,-4.7,-0.2
193,Miloš Teodosić\teodomi01,PG,31,LAC,15,150,6.5,.557,.675,.175,2.2,8.9,5.7,28.8,0.9,0.5,32.8,18.0,,-0.1,0.1,-0.1,-0.019,,-3.8,-1.7,-5.4,-0.1
194,Jerome Robinson\robinje01,SG,21,LAC,33,320,7.2,.491,.518,.082,1.0,12.2,6.8,8.3,1.6,0.7,10.2,16.7,,-0.2,0.3,0.1,.012,,-4.2,-0.5,-4.7,-0.2
195,Johnathan Motley\motlejo01,PF,23,LAC,22,156,18.9,.563,.041,.548,12.6,21.7,17.3,11.7,1.5,1.5,15.0,28.8,,0.1,0.2,0.3,.092,,-1.2,-0.7,-1.9,0.0
196,Luc Mbah a Moute\mbahalu01,PF,32,LAC,4,61,6.7,.495,.333,.278,3.6,8.4,6.1,4.5,0.8,1.3,9.0,15.4,,0.0,0.0,0.0,.009,,-2.9,0.0,-3.0,0.0
197,Montrezl Harrell\harremo01,C,25,LAC,82,2158,23.4,.636,.019,.466,9.3,16.7,13.1,12.5,1.6,4.0,11.0,23.5,,6.1,2.6,8.7,.193,,2.6,0.7,3.3,2.9
198,Marcin Gortat\gortama01,C,34,LAC,47,751,12.8,.562,.000,.258,9.8,26.5,18.4,12.0,0.4,2.5,19.4,14.4,,0.6,0.8,1.4,.089,,-1.7,0.4,-1.3,0.1
199,Shai Gilgeous-Alexander\gilgesh01,PG,20,LAC,82,2174,13.4,.554,.194,.272,2.9,8.3,5.7,17.8,2.1,1.6,15.0,18.3,,1.5,1.9,3.3,.074,,-0.9,0.4,-0.5,0.8
200,Danilo Gallinari\gallida01,SF,30,LAC,68,2059,21.0,.633,.421,.459,2.9,18.1,10.7,13.2,1.1,0.9,8.5,23.8,,6.4,1.8,8.2,.191,,4.9,-0.5,4.3,3.3
201,Ángel Delgado\delgaan01,C,24,LAC,2,15,4.3,.255,.000,.400,14.6,13.7,14.1,0.0,3.1,0.0,0.0,16.5,,0.0,0.0,0.0,-0.055,,-7.0,-5.0,-12.0,0.0
202,Patrick Beverley\beverpa01,PG,30,LAC,78,2137,11.8,.561,.591,.258,3.9,15.0,9.6,18.4,1.5,1.6,13.8,12.2,,2.8,2.0,4.8,.108,,-0.3,1.2,0.9,1.5
203,Johnathan Williams\willijo04,C,23,LAL,24,372,15.1,.599,.018,.436,13.6,13.9,13.7,4.9,1.0,1.5,10.9,16.4,,0.7,0.3,1.0,.135,,-2.0,-1.1,-3.2,-0.1
204,Moritz Wagner\wagnemo01,C,21,LAL,43,446,10.1,.533,.450,.310,4.0,15.4,9.8,7.4,1.1,2.4,16.7,21.7,,-0.3,0.5,0.2,.020,,-3.9,-0.4,-4.3,-0.3
205,Lance Stephenson\stephla01,SG,28,LAL,68,1123,11.8,.529,.456,.169,3.0,16.5,9.9,17.3,1.7,0.5,15.6,20.3,,-0.1,1.2,1.1,.049,,-1.6,0.1,-1.5,0.1
206,Rajon Rondo\rondora01,PG,32,LAL,46,1369,12.1,.473,.329,.083,2.6,15.5,9.2,35.5,1.9,0.4,22.1,17.4,,-0.2,1.5,1.3,.047,,-1.7,0.2,-1.5,0.2
207,JaVale McGee\mcgeeja01,C,31,LAL,75,1671,21.8,.634,.019,.237,12.3,22.5,17.5,4.8,1.3,7.3,13.2,20.2,,3.0,2.9,5.9,.171,,0.3,1.2,1.4,1.4
208,Scott Machado\machasc01,PG,28,LAL,4,19,22.2,.776,.167,.167,0.0,0.0,0.0,23.5,2.4,0.0,0.0,14.0,,0.1,0.0,0.1,.281,,2.9,2.7,5.5,0.0
209,Kyle Kuzma\kuzmaky01,PF,23,LAL,70,2314,14.0,.546,.388,.230,2.7,14.1,8.5,11.5,0.8,0.9,10.0,23.8,,1.2,1.9,3.1,.065,,-0.2,-1.2,-1.4,0.4
210,Jemerrio Jones\jonesje01,SF,23,LAL,6,143,12.1,.398,.303,.061,11.8,23.4,17.7,11.4,2.3,2.9,12.9,11.3,,0.0,0.2,0.2,.084,,-2.2,2.4,0.2,0.1
211,LeBron James\jamesle01,SF,34,LAL,55,1937,25.6,.588,.299,.382,3.1,21.3,12.4,39.4,1.7,1.4,13.3,31.6,,4.7,2.6,7.2,.179,,6.4,1.7,8.0,4.9
212,Brandon Ingram\ingrabr01,SF,21,LAL,52,1760,13.4,.555,.129,.396,2.5,13.0,7.8,12.9,0.7,1.4,13.1,23.2,,0.6,1.4,2.0,.055,,-1.3,-0.7,-2.0,0.0
213,Andre Ingram\ingraan01,SG,33,LAL,4,15,-11.9,.000,.500,.000,7.0,6.7,6.9,0.0,3.1,0.0,14.3,19.3,,-0.1,0.0,-0.1,-0.408,,-14.8,-4.8,-19.6,-0.1
214,Josh Hart\hartjo01,SG,23,LAL,67,1715,9.3,.526,.591,.172,2.2,12.6,7.5,7.0,1.7,1.9,10.4,13.5,,0.2,1.9,2.1,.059,,-2.3,1.0,-1.3,0.3
215,Alex Caruso\carusal01,PG,24,LAL,25,531,13.9,.569,.289,.370,4.0,9.0,6.5,19.7,2.1,1.4,17.3,19.0,,0.5,0.6,1.0,.093,,-1.0,0.7,-0.2,0.2
216,Kentavious Caldwell-Pope\caldwke01,SG,25,LAL,82,2035,12.9,.568,.575,.209,2.5,9.4,6.0,7.5,1.7,0.5,7.3,18.1,,2.3,1.8,4.0,.095,,-0.3,-0.1,-0.5,0.8
217,Isaac Bonga\bongais01,PG,19,LAL,22,120,6.0,.240,.242,.455,7.9,13.5,10.8,14.9,3.5,2.7,13.2,15.7,,-0.3,0.2,-0.1,-0.059,,-7.0,2.2,-4.8,-0.1
218,Michael Beasley\beaslmi01,PF,30,LAL,26,277,15.9,.532,.111,.255,4.9,17.2,11.2,14.8,1.5,3.0,13.7,29.5,,-0.1,0.4,0.2,.039,,-1.9,0.5,-1.5,0.0
219,Lonzo Ball\balllo01,PG,21,LAL,47,1423,11.7,.487,.500,.105,4.0,14.0,9.1,23.8,2.3,1.1,17.8,16.9,,-0.2,1.7,1.6,.052,,-1.6,1.3,-0.3,0.6
220,Yuta Watanabe\watanyu01,SF,24,MEM,15,174,3.3,.352,.314,.196,2.5,17.7,10.0,6.6,1.1,0.5,9.8,15.8,,-0.4,0.2,-0.2,-0.065,,-7.0,-2.1,-9.1,-0.3
221,Julian Washburn\washbju01,SF,27,MEM,18,254,6.5,.402,.500,.083,3.5,14.8,9.1,7.7,2.5,0.7,12.3,10.0,,-0.2,0.3,0.1,.023,,-5.1,0.5,-4.6,-0.2
222,D.J. Stephens\stephdj01,SG,28,MEM,1,7,5.5,.500,.000,.000,0.0,0.0,0.0,0.0,7.1,0.0,33.3,19.1,,0.0,0.0,0.0,-0.119,,-7.1,1.6,-5.5,0.0
223,Ivan Rabb\rabbiv01,PF,21,MEM,49,721,16.1,.586,.071,.325,10.7,21.5,16.0,12.0,1.2,1.8,12.6,17.2,,1.2,0.9,2.1,.137,,-1.1,-0.3,-1.4,0.1
224,Chandler Parsons\parsoch01,SF,30,MEM,25,496,8.5,.484,.516,.137,0.9,15.2,7.9,13.4,1.9,1.0,14.2,20.3,,-0.6,0.6,0.0,-0.004,,-3.9,-0.5,-4.4,-0.3
225,Joakim Noah\noahjo01,C,33,MEM,42,693,18.6,.571,.005,.512,9.2,29.6,19.3,20.6,1.4,4.2,16.1,20.0,,1.0,1.2,2.2,.150,,-0.3,2.4,2.1,0.7
226,Jaren Jackson Jr.\jacksja02,PF,19,MEM,58,1515,16.4,.591,.241,.334,5.3,15.0,10.1,7.2,1.7,5.1,12.7,22.8,,1.2,2.2,3.3,.105,,-1.2,1.0,-0.3,0.7
227,Dusty Hannahs\hannadu01,SG,25,MEM,2,26,4.5,.311,.417,.167,0.0,4.4,2.2,28.8,1.9,0.0,7.2,23.9,,-0.1,0.0,-0.1,-0.125,,-6.5,-3.2,-9.7,-0.1
228,Mike Conley\conlemi01,PG,31,MEM,70,2342,21.4,.569,.380,.363,1.9,9.7,5.7,33.4,2.0,0.9,9.1,27.3,,5.7,2.3,8.0,.164,,4.6,0.1,4.7,3.9
229,Omri Casspi\casspom01,SF,30,MEM,36,520,15.7,.606,.267,.360,3.6,21.5,12.4,8.1,1.9,1.6,11.0,18.0,,0.6,0.7,1.3,.119,,-0.3,0.7,0.4,0.3
230,Jevon Carter\carteje01,PG,23,MEM,39,577,7.8,.432,.551,.173,2.7,10.3,6.4,17.4,2.2,1.8,14.2,18.0,,-0.7,0.7,0.0,-0.003,,-4.1,0.1,-4.0,-0.3
231,Bruno Caboclo\cabocbr01,PF,23,MEM,34,800,12.4,.571,.578,.222,5.8,16.5,11.1,9.4,0.9,3.9,13.3,15.9,,0.6,0.9,1.5,.090,,-1.1,0.1,-1.1,0.2
232,MarShon Brooks\brookma01,SG,30,MEM,29,387,11.6,.518,.320,.195,3.4,9.7,6.5,11.0,1.2,1.0,10.3,23.6,,-0.2,0.3,0.1,.018,,-1.9,-1.1,-3.0,-0.1
233,Dillon Brooks\brookdi01,SF,23,MEM,18,330,7.6,.499,.328,.246,3.0,7.6,5.3,7.6,1.5,1.1,12.3,20.9,,-0.3,0.3,0.0,-0.004,,-5.0,-1.2,-6.3,-0.4
234,Kyle Anderson\anderky01,SF,25,MEM,43,1281,12.8,.569,.123,.232,4.1,18.1,11.0,15.0,2.1,2.7,16.0,12.6,,0.8,1.8,2.7,.100,,-1.6,2.4,0.8,0.9
235,Justise Winslow\winslju01,SF,22,MIA,66,1959,12.8,.513,.342,.183,3.4,15.9,9.6,21.9,1.8,0.9,14.9,20.8,,0.2,2.6,2.8,.067,,-1.3,0.7,-0.6,0.7
236,Hassan Whiteside\whiteha01,C,29,MIA,72,1674,23.5,.564,.024,.357,16.3,35.6,25.9,5.6,1.3,7.3,11.0,22.6,,2.3,4.0,6.3,.180,,1.1,1.2,2.3,1.8
237,Dion Waiters\waitedi01,SG,27,MIA,44,1138,11.4,.530,.605,.092,0.7,10.2,5.4,16.4,1.2,0.7,11.4,21.1,,0.1,1.1,1.2,.052,,-0.5,-0.6,-1.1,0.3
238,Dwyane Wade\wadedw01,SG,37,MIA,72,1885,15.8,.510,.272,.243,3.9,12.2,8.0,26.5,1.5,1.8,13.5,27.9,,0.1,2.3,2.4,.061,,0.8,-0.2,0.6,1.2
239,Duncan Robinson\robindu01,SF,24,MIA,15,161,7.6,.514,.761,.130,1.3,11.2,6.3,4.4,1.5,0.0,7.6,14.0,,0.0,0.2,0.2,.051,,-3.4,0.0,-3.4,-0.1
240,Josh Richardson\richajo01,SG,25,MIA,73,2539,14.0,.536,.448,.225,2.3,8.8,5.5,17.9,1.5,1.2,9.1,20.9,,3.0,2.6,5.6,.106,,0.1,0.2,0.3,1.5
241,Kelly Olynyk\olynyke01,PF,27,MIA,79,1812,14.4,.610,.566,.328,4.2,17.8,11.0,11.4,1.4,1.8,15.0,18.0,,2.3,2.5,4.7,.126,,-0.2,0.9,0.7,1.2
242,Rodney McGruder\mcgruro01,SG,27,MIA,66,1550,9.4,.510,.488,.156,4.1,12.2,8.2,10.3,1.1,0.7,11.5,15.4,,0.4,1.6,1.9,.059,,-2.2,-0.1,-2.3,-0.1
243,Yante Maten\matenya01,PF,22,MIA,2,13,5.7,.250,.250,.000,8.2,16.4,12.3,0.0,3.8,0.0,0.0,13.2,,0.0,0.0,0.0,-0.026,,-7.5,-1.6,-9.2,0.0
244,Derrick Jones Jr.\jonesde02,SF,21,MIA,60,1153,14.0,.559,.281,.377,8.8,13.3,11.1,4.7,1.9,3.3,10.2,15.6,,1.2,1.7,2.9,.121,,-1.5,1.0,-0.5,0.4
245,James Johnson\johnsja01,PF,31,MIA,55,1164,10.9,.522,.393,.185,2.0,14.1,8.0,17.0,1.5,2.1,15.3,17.8,,0.0,1.5,1.5,.062,,-2.4,1.1,-1.2,0.2
246,Udonis Haslem\hasleud01,C,38,MIA,10,74,3.6,.360,.364,.121,4.3,34.5,19.4,4.0,0.0,0.0,7.9,21.9,,-0.2,0.1,-0.1,-0.075,,-8.4,-2.4,-10.9,-0.2
247,Goran Dragić\dragigo01,PG,32,MIA,36,991,13.9,.517,.379,.233,2.1,9.8,6.0,27.3,1.5,0.5,12.9,23.7,,0.6,1.0,1.6,.079,,-0.5,-0.6,-1.1,0.2
248,Bam Adebayo\adebaba01,C,21,MIA,82,1913,17.9,.623,.031,.465,9.2,24.0,16.6,14.2,1.8,3.0,17.1,15.8,,3.4,3.4,6.8,.171,,-0.4,2.2,1.8,1.8
249,D.J. Wilson\wilsodj01,PF,22,MIL,48,882,10.3,.515,.506,.187,5.5,19.2,12.8,7.6,0.9,1.9,10.5,14.4,,0.3,1.4,1.7,.093,,-2.4,0.2,-2.2,0.0
250,Tony Snell\snellto01,SF,27,MIL,74,1304,10.7,.585,.565,.116,2.4,9.4,6.1,6.7,0.9,1.2,5.7,12.9,,1.6,1.6,3.2,.117,,-1.0,0.3,-0.7,0.4
251,Jaylen Morris\morrija01,SG,23,MIL,4,29,12.2,.460,.300,.200,0.0,16.5,8.8,18.1,3.2,0.0,8.4,17.2,,0.0,0.1,0.1,.084,,-3.7,3.3,-0.4,0.0
252,Khris Middleton\middlkh01,SF,27,MIL,77,2393,16.5,.558,.413,.225,2.3,16.5,9.8,20.1,1.6,0.2,12.1,25.1,,2.5,3.6,6.1,.123,,0.7,0.1,0.8,1.7
253,Brook Lopez\lopezbr01,C,30,MIL,81,2322,14.6,.597,.651,.169,1.5,15.0,8.7,5.7,1.0,6.5,8.9,16.7,,2.3,4.3,6.7,.138,,0.4,1.8,2.2,2.4
254,Ersan İlyasova\ilyaser01,PF,31,MIL,67,1231,11.6,.548,.420,.194,8.2,16.2,12.5,5.5,1.2,1.4,10.4,15.7,,1.2,1.9,3.0,.119,,-2.4,0.1,-2.3,-0.1
255,John Henson\hensojo01,C,28,MIL,14,188,17.1,.553,.463,.149,9.2,28.0,19.2,10.1,1.7,4.9,14.4,18.6,,0.1,0.4,0.6,.146,,0.4,2.1,2.5,0.2
256,Trevon Duval\duvaltr01,PG,20,MIL,3,6,38.3,.833,.333,.000,0.0,16.0,8.5,59.0,0.0,0.0,0.0,20.9,,0.1,0.0,0.1,.537,,19.1,5.3,24.4,0.0
257,Donte DiVincenzo\divindo01,SG,22,MIL,27,411,9.1,.507,.669,.097,4.2,11.4,8.0,9.7,1.5,1.2,12.8,15.1,,0.0,0.6,0.6,.069,,-2.8,0.6,-2.2,0.0
258,Pat Connaughton\connapa01,SG,26,MIL,61,1261,13.6,.573,.571,.114,5.2,15.0,10.4,12.6,1.2,1.7,8.2,13.3,,2.0,1.9,3.9,.149,,0.3,0.8,1.2,1.0
259,Bonzie Colson\colsobo01,SF,23,MIL,8,98,12.9,.454,.538,.231,8.8,21.5,15.5,4.0,2.4,0.9,6.5,19.6,,0.0,0.2,0.2,.085,,-2.6,-0.8,-3.5,0.0
260,Sterling Brown\brownst02,SG,23,MIL,58,1034,10.9,.563,.471,.135,3.0,14.4,9.0,10.7,1.1,0.7,12.2,15.2,,0.7,1.4,2.1,.098,,-1.8,0.3,-1.5,0.1
261,Malcolm Brogdon\brogdma01,SG,26,MIL,64,1832,17.8,.614,.326,.203,3.8,11.7,8.0,16.2,1.2,0.6,10.0,20.7,,4.2,2.3,6.5,.171,,2.0,0.1,2.2,1.9
262,Eric Bledsoe\bledser01,PG,29,MIL,78,2272,19.3,.577,.388,.243,3.9,11.8,8.1,27.4,2.4,1.1,13.3,22.9,,4.4,3.7,8.2,.173,,1.9,1.2,3.1,2.9
263,Giannis Antetokounmpo\antetgi01,PF,24,MIL,72,2358,30.9,.644,.163,.550,7.3,30.0,19.3,30.3,1.8,3.9,14.8,32.3,,8.9,5.5,14.4,.292,,6.3,4.1,10.4,7.4
264,C.J. Williams\willicj01,SG,28,MIN,15,128,8.8,.550,.457,.029,0.8,5.9,3.3,12.9,2.2,0.0,12.4,13.3,,0.1,0.1,0.1,.042,,-3.8,0.2,-3.7,-0.1
265,Andrew Wiggins\wiggian01,SF,23,MIN,73,2543,12.4,.493,.288,.245,3.5,11.4,7.4,10.9,1.3,1.6,9.3,24.4,,-0.6,1.3,0.6,.012,,-1.2,-1.8,-3.0,-0.6
266,Karl-Anthony Towns\townska01,C,23,MIN,77,2545,26.3,.622,.270,.342,10.9,29.3,20.0,17.2,1.3,4.2,13.7,28.9,,7.2,3.2,10.4,.197,,5.4,0.6,6.0,5.1
267,Anthony Tolliver\tollian01,PF,33,MIN,65,1079,8.6,.571,.830,.232,1.5,16.2,8.8,5.5,0.8,1.7,11.2,12.5,,0.6,0.5,1.2,.052,,-1.7,-0.7,-2.4,-0.1
268,Jared Terrell\terreja01,SG,23,MIN,14,111,0.7,.372,.436,.154,1.0,4.9,2.9,14.4,1.3,1.5,19.4,19.6,,-0.4,0.0,-0.3,-0.140,,-8.5,-2.3,-10.9,-0.2
269,Jeff Teague\teaguje01,PG,30,MIN,42,1264,15.4,.528,.252,.368,1.3,7.7,4.5,37.6,1.6,1.2,16.7,19.3,,1.7,0.5,2.2,.085,,0.8,-1.2,-0.4,0.5
270,Derrick Rose\rosede01,PG,30,MIN,51,1392,19.5,.557,.194,.212,2.5,8.3,5.4,26.4,1.1,0.7,9.1,27.3,,2.6,0.3,3.0,.102,,3.2,-1.7,1.4,1.2
271,Cameron Reynolds\reynoca01,SG,23,MIN,19,259,10.4,.580,.654,.115,1.6,11.3,6.4,6.8,1.1,0.7,5.7,14.1,,0.3,0.1,0.4,.078,,-1.3,-1.2,-2.5,0.0
272,Josh Okogie\okogijo01,SG,20,MIN,74,1757,9.4,.492,.423,.319,2.5,10.9,6.6,6.9,2.4,1.6,9.8,15.4,,-0.1,1.4,1.2,.034,,-3.5,0.4,-3.1,-0.5
273,Tyus Jones\jonesty01,PG,22,MIN,68,1560,13.7,.491,.283,.155,1.6,7.7,4.6,28.3,2.5,0.3,9.0,14.1,,2.1,0.9,3.0,.091,,-0.9,0.3,-0.6,0.6
274,Taj Gibson\gibsota01,PF,33,MIN,70,1686,17.8,.612,.063,.330,10.8,18.3,14.5,7.3,1.5,2.0,10.6,17.2,,3.7,1.4,5.1,.144,,0.3,-0.4,-0.1,0.8
275,Gorgui Dieng\dienggo01,C,29,MIN,76,1031,18.1,.572,.149,.281,8.3,24.1,16.1,10.3,2.2,3.4,11.9,19.6,,1.5,1.3,2.8,.132,,-0.3,0.9,0.6,0.7
276,Luol Deng\denglu01,SF,33,MIN,22,392,14.6,.588,.373,.297,5.4,14.6,10.0,6.5,1.8,1.7,9.5,15.8,,0.5,0.3,0.8,.101,,0.2,-0.3,0.0,0.2
277,Jerryd Bayless\bayleje01,PG,30,MIN,34,657,8.5,.431,.426,.122,1.8,8.4,5.0,24.6,1.3,0.3,11.7,17.6,,-0.2,0.2,0.0,-0.003,,-2.9,-1.7,-4.6,-0.4
278,Keita Bates-Diop\bateske01,SF,23,MIN,30,503,9.6,.489,.366,.197,3.4,14.4,8.8,4.6,1.7,2.4,8.3,14.1,,0.0,0.4,0.3,.032,,-2.8,-0.6,-3.4,-0.2
279,Kenrich Williams\willike04,SF,24,NOP,46,1079,9.7,.485,.559,.068,5.4,15.5,10.5,9.5,1.9,1.4,11.1,12.3,,0.3,0.9,1.2,.053,,-2.3,0.4,-1.9,0.0
280,Julius Randle\randlju01,PF,24,NOP,73,2232,21.0,.600,.179,.447,7.6,21.6,14.7,15.8,1.1,1.6,13.8,27.8,,4.2,1.9,6.1,.131,,2.1,-0.6,1.5,2.0
281,Elfrid Payton\paytoel01,PG,24,NOP,42,1250,14.0,.502,.255,.180,4.1,14.0,9.1,33.5,1.6,1.1,20.1,18.3,,0.6,0.9,1.5,.058,,-0.7,-0.7,-1.4,0.2
282,Jahlil Okafor\okafoja01,C,23,NOP,59,935,17.9,.603,.014,.246,9.2,21.4,15.4,6.3,0.7,3.5,11.5,19.9,,1.4,0.8,2.2,.115,,-0.6,-0.9,-1.5,0.1
283,E'Twaun Moore\mooreet01,SG,29,NOP,53,1463,11.5,.567,.331,.111,2.5,6.4,4.5,9.5,1.3,0.4,9.6,17.3,,1.2,0.5,1.7,.055,,-1.2,-1.1,-2.3,-0.1
284,Darius Miller\milleda01,SF,28,NOP,69,1757,8.4,.550,.752,.147,0.8,6.6,3.8,10.4,1.1,1.1,10.3,13.4,,1.1,0.6,1.6,.045,,-2.1,-0.8,-2.9,-0.4
285,Frank Jackson\jacksfr01,PG,20,NOP,61,1169,9.4,.517,.378,.163,2.2,9.5,5.9,8.0,1.0,0.1,9.1,18.5,,0.1,0.4,0.4,.018,,-2.9,-1.7,-4.6,-0.8
286,Jrue Holiday\holidjr01,SG,28,NOP,67,2402,19.4,.555,.313,.234,3.3,11.0,7.2,31.8,2.1,1.8,14.1,25.4,,3.5,1.9,5.4,.108,,3.1,-0.1,3.0,3.1
287,Solomon Hill\hillso01,SF,27,NOP,44,878,6.8,.497,.567,.180,4.1,11.5,7.8,7.6,1.2,0.9,13.9,10.4,,0.1,0.4,0.5,.029,,-3.1,-0.4,-3.6,-0.3
288,Cheick Diallo\diallch01,PF,22,NOP,64,896,17.5,.644,.015,.247,8.8,29.3,19.2,5.1,1.5,3.0,14.0,16.0,,1.4,1.2,2.6,.140,,-1.1,0.1,-0.9,0.2
289,Anthony Davis\davisan02,C,25,NOP,56,1850,30.3,.597,.141,.422,9.9,27.5,18.8,19.0,2.2,6.0,8.4,29.5,,6.4,3.1,9.5,.247,,7.1,2.3,9.4,5.3
290,Ian Clark\clarkia01,SG,27,NOP,60,973,8.3,.502,.527,.097,1.4,8.0,4.7,12.9,1.1,0.7,12.7,19.3,,-0.4,0.3,-0.1,-0.003,,-3.3,-1.8,-5.1,-0.8
291,Dairis Bertāns\bertada02,SG,29,NOP,12,167,2.0,.362,.723,.000,1.3,4.3,2.8,7.2,0.3,0.0,4.1,12.0,,-0.2,0.0,-0.2,-0.054,,-5.6,-3.2,-8.8,-0.3
292,Noah Vonleh\vonleno01,PF,23,NYK,68,1722,13.9,.561,.311,.355,6.7,25.8,16.0,11.1,1.3,2.5,14.7,14.8,,1.5,1.7,3.2,.090,,-1.2,0.5,-0.7,0.6
293,Allonzo Trier\trieral01,SG,23,NYK,64,1459,12.2,.564,.255,.431,2.2,12.2,7.1,12.9,0.9,0.8,15.8,21.5,,0.4,0.5,0.9,.030,,-1.6,-1.5,-3.1,-0.4
294,Lance Thomas\thomala01,PF,30,NYK,46,783,6.4,.482,.401,.183,2.7,13.1,7.8,5.0,1.0,0.8,10.1,12.9,,-0.3,0.3,0.1,.004,,-4.8,-0.9,-5.7,-0.7
295,Mitchell Robinson\robinmi01,C,20,NYK,66,1360,22.0,.692,.000,.464,13.3,19.4,16.3,4.2,1.8,10.0,9.1,12.1,,4.0,2.2,6.1,.217,,0.1,2.4,2.5,1.6
296,Frank Ntilikina\ntilila01,PG,20,NYK,43,904,6.0,.417,.408,.106,1.4,8.9,5.0,19.5,1.6,1.3,15.9,16.6,,-1.3,0.4,-0.8,-0.045,,-5.2,-0.8,-6.0,-0.9
297,Emmanuel Mudiay\mudiaem01,PG,22,NYK,59,1607,14.6,.531,.284,.251,2.1,10.9,6.4,24.2,1.3,1.0,14.6,25.6,,0.1,0.7,0.8,.023,,-0.2,-1.8,-2.0,0.0
298,Luke Kornet\kornelu01,PF,23,NYK,46,784,14.8,.531,.682,.163,3.6,14.6,9.0,10.5,1.7,4.5,7.6,17.9,,0.6,0.7,1.4,.083,,1.4,0.7,2.1,0.8
299,Kevin Knox\knoxke01,PF,19,NYK,75,2158,8.7,.475,.398,.247,2.9,13.6,8.1,6.0,1.0,0.9,10.1,22.3,,-2.2,0.9,-1.3,-0.030,,-3.4,-2.3,-5.7,-2.0
300,Isaiah Hicks\hicksis01,PF,24,NYK,3,32,17.4,.588,.000,.625,6.4,16.7,11.4,9.4,1.5,7.9,8.9,15.0,,0.1,0.0,0.1,.153,,-2.1,2.2,0.1,0.0
301,Mario Hezonja\hezonma01,SF,23,NYK,58,1206,10.8,.497,.328,.246,2.4,18.7,10.4,11.5,2.3,0.6,14.6,21.3,,-1.1,1.1,-0.1,-0.003,,-3.5,-0.3,-3.8,-0.5
302,Billy Garrett\garrebi01,SG,24,NYK,4,63,9.8,.452,.296,.148,0.0,5.1,2.5,18.0,0.8,1.3,6.5,20.9,,0.0,0.0,0.0,-0.019,,-3.9,-1.7,-5.5,-0.1
303,Damyean Dotson\dotsoda01,SG,24,NYK,73,2004,10.8,.526,.490,.140,1.7,12.2,6.8,10.4,1.4,0.4,8.7,17.3,,0.7,0.9,1.5,.037,,-1.7,-0.9,-2.6,-0.3
304,Kadeem Allen\allenka01,PG,26,NYK,19,416,16.2,.574,.255,.383,2.0,11.1,6.4,28.7,1.9,0.8,13.6,19.6,,0.7,0.2,1.0,.111,,0.3,0.3,0.6,0.3
305,Russell Westbrook\westbru01,PG,30,OKC,73,2630,21.1,.501,.279,.306,4.1,28.3,15.8,46.5,2.5,1.1,16.3,30.9,,1.8,5.0,6.8,.124,,2.8,2.4,5.2,4.7
306,Dennis Schröder\schrode01,PG,25,OKC,79,2314,12.7,.508,.330,.206,1.6,11.3,6.3,20.4,1.3,0.4,12.5,24.2,,0.4,2.4,2.9,.060,,-1.3,-0.7,-2.0,0.0
307,Patrick Patterson\pattepa01,PF,29,OKC,63,861,8.1,.493,.626,.137,4.9,13.0,8.8,4.6,0.9,1.3,8.7,12.0,,0.2,0.9,1.1,.064,,-2.0,-0.4,-2.5,-0.1
308,Nerlens Noel\noelne01,C,24,OKC,77,1055,19.3,.608,.000,.286,12.1,20.0,15.9,5.9,2.9,7.7,13.4,13.8,,1.9,2.5,4.3,.198,,-1.2,3.3,2.1,1.1
309,Abdel Nader\naderab01,SF,25,OKC,61,694,8.8,.522,.465,.167,2.0,15.7,8.6,3.8,1.3,1.5,10.1,15.1,,0.0,0.9,0.9,.062,,-3.6,0.3,-3.2,-0.2
310,Donte Grantham\grantdo01,SF,23,OKC,3,2,-38.1,.000,1.000,.000,0.0,0.0,0.0,0.0,0.0,0.0,0.0,40.7,,0.0,0.0,0.0,-0.946,,-23.6,-14.0,-37.6,0.0
311,Jerami Grant\grantje01,PF,24,OKC,80,2612,13.8,.592,.356,.269,3.7,13.1,8.2,4.2,1.1,3.2,6.8,15.4,,4.0,3.3,7.3,.134,,-0.4,0.6,0.2,1.5
312,Paul George\georgpa01,SF,28,OKC,77,2841,23.3,.583,.469,.335,3.7,19.6,11.4,17.7,2.8,1.0,10.0,29.5,,7.0,4.9,11.9,.201,,5.6,1.6,7.2,6.6
313,Terrance Ferguson\fergute01,SG,20,OKC,74,1931,6.4,.566,.673,.118,1.7,6.0,3.8,4.8,1.0,0.7,9.4,10.6,,1.2,1.6,2.8,.070,,-3.9,0.1,-3.8,-0.9
314,Raymond Felton\feltora01,PG,34,OKC,33,379,11.2,.505,.452,.096,1.1,8.4,4.6,18.7,1.2,1.3,9.0,16.6,,0.3,0.4,0.7,.087,,-1.7,0.4,-1.3,0.1
315,Hamidou Diallo\diallha01,SG,20,OKC,51,526,10.1,.497,.145,.358,7.2,12.0,9.5,4.4,1.9,1.6,10.7,16.6,,0.1,0.7,0.8,.069,,-4.4,0.2,-4.2,-0.3
316,Tyler Davis\davisty01,C,21,OKC,1,1,0.0,.000,.000,.000,100.0,0.0,51.6,0.0,0.0,0.0,0.0,40.7,,0.0,0.0,0.0,-0.471,,-9.6,-31.1,-40.7,0.0
317,Deonte Burton\burtode02,SG,25,OKC,32,240,7.0,.470,.329,.146,1.7,10.7,6.0,5.0,1.2,2.8,9.3,16.3,,-0.2,0.3,0.1,.027,,-4.9,0.6,-4.3,-0.1
318,Steven Adams\adamsst01,C,25,OKC,80,2669,18.5,.591,.002,.361,14.7,14.8,14.7,6.6,2.0,2.4,12.6,16.4,,5.1,4.0,9.1,.163,,0.7,0.4,1.1,2.1
319,Álex Abrines\abrinal01,SG,25,OKC,31,588,6.3,.507,.809,.083,0.9,7.8,4.2,4.3,1.3,0.9,7.9,12.2,,0.1,0.6,0.6,.053,,-3.7,0.4,-3.3,-0.2
320,Nikola Vučević\vucevni01,C,28,ORL,80,2510,25.5,.573,.171,.168,9.4,31.9,20.5,21.9,1.6,3.0,9.9,28.0,,5.4,4.7,10.1,.193,,5.0,1.7,6.6,5.5
321,Terrence Ross\rosste01,SG,27,ORL,81,2150,15.4,.561,.551,.140,1.3,12.8,7.0,9.9,1.6,1.1,7.6,23.9,,1.7,2.6,4.3,.095,,1.1,-0.3,0.8,1.5
322,Jarell Martin\martija01,PF,24,ORL,42,328,9.4,.528,.548,.106,3.5,20.5,11.9,7.8,0.4,2.0,9.2,15.9,,0.1,0.4,0.5,.073,,-3.7,-0.2,-3.9,-0.2
323,Amile Jefferson\jeffeam01,PF,25,ORL,12,68,21.1,.692,.000,.500,9.3,24.0,16.5,6.4,2.2,3.7,4.9,13.1,,0.2,0.1,0.4,.258,,0.5,2.0,2.5,0.1
324,Wesley Iwundu\iwundwe01,SF,24,ORL,68,1233,8.7,.531,.288,.376,3.2,13.0,8.0,7.9,1.1,1.5,12.1,12.8,,0.5,1.4,1.9,.073,,-3.8,0.6,-3.2,-0.4
325,Jonathan Isaac\isaacjo01,PF,21,ORL,75,1996,13.0,.537,.435,.221,5.2,17.0,11.0,5.7,1.4,4.1,10.1,16.3,,0.9,3.1,4.0,.096,,-1.4,1.0,-0.4,0.8
326,Jerian Grant\grantje02,PG,26,ORL,60,939,10.8,.526,.500,.182,2.1,9.1,5.6,22.4,2.3,0.5,17.7,13.4,,0.5,1.1,1.7,.085,,-2.9,1.3,-1.6,0.1
327,Aaron Gordon\gordoaa01,PF,23,ORL,78,2633,15.1,.538,.332,.242,5.2,18.4,11.7,16.6,1.1,1.8,12.3,21.8,,1.8,3.3,5.1,.093,,0.3,0.3,0.6,1.7
328,Melvin Frazier\frazime01,SG,22,ORL,10,44,1.2,.330,.286,.190,7.2,4.9,6.1,3.3,1.1,0.0,4.2,23.5,,-0.2,0.0,-0.1,-0.133,,-11.3,-3.2,-14.5,-0.1
329,Evan Fournier\fournev01,SG,26,ORL,81,2553,12.3,.536,.421,.159,1.6,9.4,5.4,17.6,1.4,0.4,11.9,22.1,,0.8,2.5,3.2,.061,,-1.8,-0.6,-2.4,-0.3
330,Troy Caupain\caupatr01,PG,23,ORL,4,16,30.7,.625,.375,.000,6.6,13.6,10.0,42.5,3.1,0.0,0.0,21.8,,0.1,0.0,0.1,.347,,9.6,3.7,13.3,0.1
331,Isaiah Briscoe\briscis01,PG,22,ORL,39,559,6.7,.455,.246,.188,0.9,13.4,7.1,21.0,1.0,0.3,17.2,14.1,,-0.3,0.5,0.3,.023,,-5.4,0.4,-5.0,-0.4
332,Khem Birch\birchkh01,C,26,ORL,50,643,19.2,.640,.007,.550,13.0,18.8,15.8,8.5,1.4,3.8,9.6,14.1,,1.8,1.0,2.8,.212,,0.1,1.0,1.2,0.5
333,Mo Bamba\bambamo01,C,20,ORL,47,766,14.9,.539,.288,.259,8.8,24.0,16.3,7.4,0.8,7.0,13.7,17.8,,0.3,1.4,1.7,.106,,-2.8,1.4,-1.4,0.1
334,D.J. Augustin\augusdj01,PG,31,ORL,81,2269,15.7,.616,.459,.309,1.9,7.8,4.8,26.9,1.1,0.1,14.3,17.2,,5.0,1.9,6.9,.146,,1.1,-0.7,0.5,1.4
335,Zhaire Smith\smithzh01,SG,19,PHI,6,111,9.5,.533,.471,.235,2.9,9.3,6.2,12.3,0.9,1.4,13.8,16.4,,0.0,0.1,0.1,.048,,-2.8,-2.2,-5.0,-0.1
336,Ben Simmons\simmobe01,PG,22,PHI,79,2700,20.0,.582,.006,.446,6.9,20.0,13.7,34.2,2.0,1.8,19.3,22.1,,4.6,3.6,8.2,.146,,2.2,1.3,3.6,3.8
337,J.J. Redick\redicjj01,SG,34,PHI,76,2379,15.1,.602,.589,.248,0.9,7.2,4.1,12.9,0.6,0.6,8.1,21.9,,4.6,1.2,5.9,.118,,2.2,-2.0,0.2,1.3
338,Justin Patton\pattoju01,C,21,PHI,3,21,10.5,.317,.286,.286,10.4,19.6,15.1,18.7,4.5,0.0,0.0,15.7,,0.0,0.0,0.0,.079,,-5.2,3.2,-2.0,0.0
339,Shake Milton\miltosh01,SG,22,PHI,20,268,9.3,.483,.506,.080,3.7,10.0,6.9,9.2,1.4,2.3,6.2,15.0,,0.1,0.3,0.3,.059,,-2.6,-0.6,-3.2,-0.1
340,T.J. McConnell\mccontj01,PG,26,PHI,76,1470,13.4,.555,.100,.088,2.1,10.2,6.3,24.7,2.5,0.9,17.3,15.0,,1.2,1.7,2.9,.094,,-1.8,0.9,-0.9,0.4
341,Furkan Korkmaz\korkmfu01,SG,21,PHI,48,679,11.5,.528,.588,.180,2.6,13.8,8.3,10.7,2.0,0.2,8.6,17.9,,0.4,0.7,1.1,.079,,-1.6,-0.2,-1.8,0.0
342,Amir Johnson\johnsam01,C,31,PHI,51,529,13.1,.574,.255,.261,9.7,19.5,14.7,16.0,1.4,1.9,20.5,17.4,,0.4,0.7,1.1,.098,,-2.9,0.6,-2.3,0.0
343,Demetrius Jackson\jacksde01,PG,24,PHI,6,39,21.0,.656,.400,.267,5.6,2.6,4.1,19.6,2.4,0.0,5.6,19.1,,0.2,0.0,0.2,.231,,3.6,0.9,4.5,0.1
344,Haywood Highsmith\highsha01,SF,22,PHI,5,40,4.5,.414,.500,.200,0.0,12.9,6.6,6.6,1.2,0.0,8.4,12.4,,0.0,0.0,0.0,-0.023,,-5.8,-2.4,-8.2,-0.1
345,Markelle Fultz\fultzma01,SG,20,PHI,19,427,10.5,.452,.090,.239,6.6,10.6,8.7,19.5,1.9,0.9,12.7,19.3,,-0.1,0.4,0.3,.035,,-3.3,0.2,-3.1,-0.1
346,Joel Embiid\embiijo01,C,24,PHI,64,2154,26.1,.593,.219,.541,8.1,34.0,21.4,18.4,1.0,4.4,13.2,33.3,,4.9,3.8,8.7,.194,,4.0,0.9,4.9,3.8
347,Jonah Bolden\boldejo01,PF,23,PHI,44,639,12.7,.595,.593,.167,8.0,19.0,13.7,8.5,1.3,4.8,17.2,13.8,,0.5,0.9,1.4,.106,,-1.8,1.1,-0.7,0.2
348,T.J. Warren\warretj01,SF,25,PHO,43,1360,16.3,.580,.295,.203,2.5,11.8,7.1,7.7,1.8,1.8,7.2,22.7,,1.6,0.5,2.1,.074,,0.9,-1.1,-0.2,0.6
349,Elie Okobo\okoboel01,PG,21,PHO,53,958,7.6,.489,.455,.162,1.4,10.1,5.7,18.7,1.6,0.6,18.2,17.0,,-0.7,0.2,-0.5,-0.027,,-4.2,-1.5,-5.7,-0.9
350,De'Anthony Melton\meltode01,PG,20,PHO,50,984,9.9,.466,.371,.109,2.8,12.5,7.5,22.3,3.3,1.9,21.8,15.0,,-0.8,0.8,0.0,.002,,-3.8,1.1,-2.7,-0.2
351,George King\kingge03,SF,25,PHO,1,6,1.9,,,,0.0,18.8,9.2,0.0,0.0,0.0,,0.0,,0.0,0.0,0.0,-0.001,,-5.8,-2.1,-7.9,0.0
352,Josh Jackson\jacksjo02,SG,21,PHO,79,1988,10.6,.487,.268,.253,3.6,15.9,9.7,14.1,1.8,2.3,15.6,23.9,,-2.8,1.1,-1.7,-0.040,,-3.3,-1.2,-4.6,-1.3
353,Richaun Holmes\holmeri01,C,25,PHO,70,1184,20.7,.647,.000,.479,10.6,20.5,15.5,7.9,1.7,5.6,10.5,17.9,,3.1,1.1,4.3,.173,,0.1,0.5,0.6,0.8
354,Jimmer Fredette\fredeji01,SG,29,PHO,6,65,3.6,.348,.448,.207,1.7,10.4,6.0,17.5,2.2,0.0,13.6,24.2,,-0.2,0.0,-0.2,-0.166,,-8.4,-2.9,-11.3,-0.2
355,Troy Daniels\danietr01,SG,27,PHO,51,760,9.8,.558,.705,.084,1.9,8.9,5.3,5.0,1.6,0.5,8.7,17.6,,0.2,0.1,0.3,.020,,-1.7,-2.0,-3.7,-0.3
356,Jamal Crawford\crawfja01,SG,38,PHO,64,1211,11.7,.522,.461,.251,0.7,7.2,3.9,27.7,1.3,0.8,16.9,20.8,,0.1,0.0,0.2,.006,,-1.1,-2.8,-3.9,-0.6
357,Mikal Bridges\bridgmi01,SF,22,PHO,82,2417,10.8,.556,.556,.210,2.5,9.7,6.0,9.8,2.5,1.3,10.2,12.2,,1.7,1.2,2.9,.058,,-2.0,0.4,-1.6,0.3
358,Devin Booker\bookede01,SG,22,PHO,64,2242,20.2,.584,.330,.362,1.9,11.3,6.5,34.1,1.2,0.5,15.4,32.9,,3.3,0.3,3.5,.076,,3.3,-2.3,1.0,1.7
359,Dragan Bender\bendedr01,PF,21,PHO,46,826,9.5,.521,.513,.274,4.5,20.3,12.3,9.4,1.0,2.2,14.4,13.4,,0.0,0.4,0.5,.027,,-3.4,-0.8,-4.1,-0.5
360,Deandre Ayton\aytonde01,C,20,PHO,71,2183,20.5,.608,.005,.217,11.1,26.1,18.5,9.6,1.3,2.6,11.7,21.2,,4.1,1.7,5.8,.128,,1.3,-1.1,0.2,1.2
361,Quincy Acy\acyqu01,PF,28,PHO,10,123,2.9,.379,.833,.556,2.7,20.1,11.3,8.2,0.4,2.7,15.2,9.2,,-0.1,0.0,-0.1,-0.022,,-7.6,-0.5,-8.1,-0.2
362,Evan Turner\turneev01,PG,30,POR,73,1605,11.6,.504,.117,.239,2.5,18.9,10.9,23.6,1.0,0.9,18.9,15.9,,0.5,1.5,2.0,.060,,-1.8,0.5,-1.3,0.3
363,Gary Trent Jr.\trentga02,SG,20,POR,15,111,3.6,.377,.420,.140,1.0,9.4,5.3,6.2,0.4,1.4,7.0,21.7,,-0.3,0.1,-0.2,-0.092,,-6.6,-4.2,-10.8,-0.2
364,Anfernee Simons\simonan01,SG,19,POR,20,141,11.1,.535,.460,.254,2.3,7.4,4.9,13.7,0.3,0.0,13.6,24.3,,0.0,0.0,0.1,.020,,-1.5,-3.7,-5.3,-0.1
365,Jusuf Nurkić\nurkiju01,C,24,POR,72,1974,23.4,.570,.035,.442,13.4,26.7,20.2,17.9,1.7,4.2,14.6,24.7,,4.4,3.3,7.8,.189,,2.1,1.7,3.7,2.8
366,CJ McCollum\mccolcj01,SG,27,POR,70,2375,17.0,.553,.358,.154,2.9,9.7,6.3,13.8,1.1,0.9,7.4,25.5,,4.0,1.7,5.6,.114,,2.1,-1.0,1.0,1.8
367,Damian Lillard\lillada01,PG,28,POR,80,2838,23.7,.588,.419,.335,2.6,11.1,7.0,30.6,1.5,1.0,10.8,29.3,,9.7,2.4,12.1,.205,,6.6,-0.3,6.4,6.0
368,Meyers Leonard\leoname01,C,26,POR,61,878,15.8,.675,.459,.211,6.1,21.8,14.2,11.8,0.7,0.8,14.0,14.8,,2.1,0.9,3.0,.164,,1.5,0.3,1.8,0.8
369,Jake Layman\laymaja01,SF,24,POR,71,1327,13.5,.594,.427,.167,4.6,12.6,8.7,5.6,1.1,1.8,9.2,15.9,,1.9,1.2,3.1,.111,,-0.1,-0.3,-0.5,0.5
370,Maurice Harkless\harklma01,SF,25,POR,60,1415,13.2,.547,.309,.188,5.9,14.1,10.1,7.1,2.3,3.0,9.7,13.9,,1.5,1.9,3.4,.114,,-1.0,1.7,0.7,1.0
371,Seth Curry\curryse01,SG,28,POR,74,1399,11.4,.595,.540,.112,2.1,6.9,4.6,6.5,1.2,0.7,11.1,16.6,,1.5,0.9,2.4,.082,,-0.4,-0.7,-1.0,0.3
372,Zach Collins\colliza01,C,21,POR,77,1356,13.5,.562,.303,.315,8.8,16.5,12.7,7.1,0.9,3.9,14.5,16.6,,1.4,1.5,2.9,.104,,-1.5,0.3,-1.2,0.3
373,Wade Baldwin\baldwwa01,PG,22,POR,16,94,1.3,.396,.273,.333,2.3,14.4,8.5,16.6,0.5,1.7,27.0,23.3,,-0.4,0.1,-0.3,-0.153,,-8.4,-1.9,-10.3,-0.2
374,Al-Farouq Aminu\aminual01,PF,28,POR,81,2292,13.2,.568,.472,.292,5.3,22.6,14.2,6.0,1.4,1.2,9.7,13.7,,3.0,2.8,5.8,.121,,0.1,0.6,0.7,1.5
375,Troy Williams\willitr02,SF,24,SAC,21,312,10.5,.531,.449,.153,3.9,15.9,9.7,4.7,1.5,2.2,7.9,15.0,,0.1,0.3,0.4,.064,,-2.4,0.0,-2.4,0.0
376,Ben McLemore\mclembe01,SG,25,SAC,19,158,10.5,.541,.641,.188,1.9,9.4,5.5,3.4,1.8,1.6,6.7,19.4,,0.1,0.1,0.2,.055,,-2.1,-1.4,-3.5,-0.1
377,Frank Mason III\masonfr01,PG,24,SAC,38,435,12.4,.502,.379,.337,1.4,9.0,5.1,26.3,1.7,0.8,15.6,21.8,,0.0,0.3,0.3,.033,,-1.9,-1.3,-3.1,-0.1
378,Kosta Koufos\koufoko01,C,29,SAC,42,502,12.3,.477,.000,.157,10.4,26.3,18.2,9.5,1.4,3.1,14.2,15.7,,0.0,0.7,0.7,.063,,-3.6,0.2,-3.4,-0.2
379,Buddy Hield\hieldbu01,SG,26,SAC,82,2615,17.5,.587,.479,.142,4.1,12.4,8.1,11.9,1.0,1.1,9.2,25.1,,4.3,1.6,5.9,.108,,3.5,-1.4,2.1,2.7
380,Harry Giles\gilesha01,PF,20,SAC,58,820,14.4,.526,.017,.261,8.1,20.1,14.0,15.2,1.8,2.3,15.8,23.2,,0.0,1.0,1.0,.056,,-3.4,0.4,-3.0,-0.2
381,De'Aaron Fox\foxde01,PG,21,SAC,81,2546,18.1,.544,.211,.378,1.7,10.8,6.2,33.2,2.4,1.5,15.0,24.5,,3.2,2.5,5.6,.106,,1.3,0.2,1.5,2.3
382,Yogi Ferrell\ferreyo01,PG,25,SAC,71,1067,12.7,.550,.423,.190,1.2,9.5,5.3,17.0,1.6,0.3,9.5,16.3,,1.3,0.6,1.9,.087,,-1.0,-0.4,-1.4,0.2
383,Willie Cauley-Stein\caulewi01,C,25,SAC,81,2213,18.0,.566,.003,.343,8.2,23.7,15.8,12.3,2.0,2.0,9.0,17.5,,3.8,2.9,6.7,.146,,0.2,1.1,1.2,1.8
384,Bogdan Bogdanović\bogdabo01,SG,26,SAC,70,1947,14.1,.530,.431,.188,2.1,11.0,6.4,19.3,1.7,0.7,11.1,22.3,,1.3,1.4,2.7,.067,,-0.1,-0.6,-0.6,0.7
385,Nemanja Bjelica\bjeline01,PF,30,SAC,77,1788,15.4,.585,.433,.155,7.0,18.8,12.8,11.1,1.4,2.7,11.5,16.5,,2.7,1.9,4.5,.122,,0.4,0.5,0.9,1.3
386,Marvin Bagley III\baglema01,PF,19,SAC,62,1567,18.9,.562,.136,.371,10.4,20.8,15.5,5.9,1.0,3.2,10.7,24.2,,2.0,1.6,3.6,.110,,0.5,-1.5,-1.0,0.4
387,Derrick White\whitede01,PG,24,SAS,67,1728,14.8,.555,.262,.227,2.2,13.3,7.8,21.0,1.9,2.3,14.0,17.7,,1.7,1.9,3.6,.101,,-0.4,1.3,0.9,1.3
388,Lonnie Walker\walkelo01,SG,20,SAS,17,118,10.8,.446,.283,.217,0.0,15.6,7.9,10.3,2.9,2.2,7.4,20.3,,-0.1,0.2,0.0,.019,,-3.4,1.0,-2.4,0.0
389,Quincy Pondexter\pondequ01,SF,30,SAS,53,292,13.2,.641,.310,.724,3.0,14.1,8.6,10.6,1.8,0.3,14.5,13.5,,0.5,0.3,0.8,.128,,-1.6,0.7,-0.9,0.1
390,Jakob Poeltl\poeltja01,C,23,SAS,77,1273,19.4,.640,.000,.317,15.4,19.7,17.6,10.0,1.1,4.5,12.7,13.1,,3.5,1.6,5.1,.193,,1.3,0.7,2.0,1.3
391,Donatas Motiejūnas\motiedo01,PF,28,SAS,3,13,-0.5,.436,.000,.333,16.9,8.3,12.6,11.9,0.0,6.5,30.4,33.5,,-0.1,0.0,-0.1,-0.246,,-19.4,-2.3,-21.7,-0.1
392,Patty Mills\millspa02,PG,30,SAS,82,1908,13.2,.572,.609,.155,1.4,8.9,5.2,17.6,1.3,0.4,11.6,18.5,,2.2,1.2,3.5,.087,,0.4,-0.8,-0.3,0.8
393,Chimezie Metu\metuch01,PF,21,SAS,29,145,6.4,.389,.034,.293,6.8,20.1,13.5,12.0,2.0,1.2,18.6,24.4,,-0.5,0.2,-0.3,-0.099,,-7.3,-1.4,-8.7,-0.2
394,Rudy Gay\gayru01,PF,32,SAS,69,1842,17.5,.583,.247,.197,3.8,23.9,13.9,14.7,1.4,1.6,12.3,22.1,,2.2,2.2,4.4,.115,,0.8,0.6,1.4,1.6
395,Bryn Forbes\forbebr01,SG,25,SAS,82,2293,12.0,.586,.522,.099,0.9,10.4,5.7,10.6,1.0,0.1,8.8,17.4,,2.5,1.3,3.8,.079,,-0.3,-0.9,-1.2,0.5
396,Drew Eubanks\eubandr01,PF,21,SAS,23,113,15.1,.646,.000,.500,5.8,26.8,16.4,8.3,0.9,3.7,20.1,15.5,,0.1,0.2,0.3,.120,,-1.9,0.7,-1.3,0.0
397,DeMar DeRozan\derozde01,SG,29,SAS,77,2688,19.6,.542,.034,.336,2.2,16.4,9.4,27.6,1.6,1.1,11.7,27.9,,3.6,2.6,6.3,.112,,1.0,0.1,1.1,2.2
398,Dante Cunningham\cunnida01,PF,31,SAS,64,928,10.2,.585,.411,.114,5.7,16.3,11.0,6.8,1.4,1.2,11.7,8.9,,1.0,0.9,1.9,.097,,-1.3,0.6,-0.6,0.3
399,Dāvis Bertāns\bertada01,PF,26,SAS,76,1632,13.0,.632,.746,.132,1.6,16.0,8.8,8.2,1.0,1.7,8.2,14.1,,2.6,1.5,4.0,.118,,1.1,0.2,1.3,1.4
400,Marco Belinelli\belinma01,SG,32,SAS,79,1815,11.9,.557,.572,.180,1.0,10.8,5.9,10.1,0.9,0.4,8.8,19.8,,1.4,1.1,2.5,.065,,-0.5,-1.2,-1.7,0.1
401,LaMarcus Aldridge\aldrila01,C,33,SAS,81,2687,22.9,.576,.032,.312,10.3,19.8,15.1,11.6,0.8,3.4,8.8,26.9,,6.4,2.9,9.3,.167,,2.4,-0.6,1.8,2.6
402,Fred VanVleet\vanvlfr01,PG,24,TOR,64,1760,13.7,.539,.493,.192,1.3,8.7,5.1,23.9,1.6,0.9,11.2,17.9,,2.4,1.9,4.3,.117,,0.4,0.1,0.5,1.1
403,Pascal Siakam\siakapa01,PF,24,TOR,80,2548,18.7,.628,.226,.320,5.4,17.5,11.6,14.6,1.4,1.7,12.5,20.8,,5.7,3.6,9.3,.175,,1.6,0.8,2.4,2.8
404,Malachi Richardson\richama01,SG,23,TOR,22,103,0.9,.481,.862,.172,2.2,11.2,6.8,0.0,0.5,0.0,20.4,16.4,,-0.2,0.1,-0.1,-0.060,,-6.6,-2.1,-8.8,-0.2
405,Norman Powell\powelno01,SG,25,TOR,60,1126,13.3,.596,.425,.188,1.6,11.5,6.7,11.6,1.7,1.0,13.1,19.0,,1.0,1.4,2.4,.102,,-0.9,0.2,-0.7,0.4
406,Malcolm Miller\millema01,SF,25,TOR,10,67,13.7,.630,.808,.154,1.7,6.3,4.0,2.1,0.7,1.2,3.5,18.5,,0.1,0.1,0.2,.130,,1.2,-1.6,-0.5,0.0
407,Jodie Meeks\meeksjo01,SG,31,TOR,8,104,16.0,.647,.462,.026,1.1,11.1,6.2,11.5,0.5,0.8,4.8,17.1,,0.2,0.1,0.3,.153,,1.4,-0.8,0.5,0.1
408,Jordan Loyd\loydjo01,PG,25,TOR,12,55,16.3,.635,.444,.611,2.0,15.3,8.8,15.1,0.0,0.0,8.1,19.4,,0.2,0.0,0.2,.190,,0.0,-0.9,-1.0,0.0
409,Kyle Lowry\lowryky01,PG,32,TOR,65,2213,16.5,.562,.613,.263,2.1,12.9,7.6,34.8,2.0,1.2,18.1,19.6,,3.6,3.0,6.6,.144,,1.7,0.6,2.3,2.4
410,Kawhi Leonard\leonaka01,SF,27,TOR,60,2040,25.8,.606,.267,.377,4.2,18.6,11.6,16.4,2.5,1.0,8.4,30.3,,6.1,3.4,9.5,.224,,6.1,1.1,7.2,4.7
411,Serge Ibaka\ibakase01,C,29,TOR,74,2010,18.7,.582,.193,.202,8.6,23.2,16.1,7.7,0.7,4.3,10.7,22.9,,2.8,3.3,6.1,.146,,0.2,0.1,0.2,1.2
412,Danny Green\greenda02,SG,31,TOR,80,2216,13.0,.632,.690,.070,3.0,12.2,7.7,7.7,1.6,2.0,10.4,14.1,,3.0,2.9,5.9,.128,,1.1,0.8,2.0,2.2
413,Lorenzo Brown\brownlo01,PG,28,TOR,26,212,6.3,.380,.394,.042,2.6,12.9,7.9,17.3,2.7,2.0,18.1,17.9,,-0.5,0.3,-0.1,-0.027,,-5.4,1.9,-3.5,-0.1
414,Chris Boucher\bouchch01,PF,26,TOR,28,163,22.2,.563,.487,.197,10.9,25.8,18.5,1.9,1.8,12.2,7.8,23.6,,0.2,0.4,0.7,.194,,-0.2,2.8,2.6,0.2
415,OG Anunoby\anunoog01,SF,21,TOR,67,1352,9.8,.544,.500,.153,4.8,10.8,7.9,4.7,1.6,1.3,11.3,15.5,,0.3,1.7,2.0,.070,,-2.4,0.1,-2.4,-0.1
416,Ivica Zubac\zubaciv01,C,21,TOT,59,1040,18.9,.604,.000,.332,11.9,24.2,18.2,9.1,0.6,4.0,13.9,20.3,,1.9,1.3,3.2,.148,,-0.2,-0.2,-0.5,0.4
417,Tyler Zeller\zellety01,C,29,TOT,6,93,17.3,.607,.033,.600,12.9,15.7,14.2,6.7,0.5,3.1,9.5,20.1,,0.2,0.1,0.3,.167,,-3.1,-1.9,-5.0,-0.1
418,Delon Wright\wrighde01,PG,26,TOT,75,1699,15.5,.523,.301,.269,4.4,12.8,8.6,21.6,2.5,1.6,11.0,18.1,,1.9,2.4,4.3,.121,,0.1,1.4,1.5,1.5
419,Christian Wood\woodch01,PF,23,TOT,21,251,21.9,.607,.222,.479,7.2,26.5,17.0,4.8,1.3,3.2,10.7,26.1,,0.4,0.3,0.8,.151,,1.4,-1.0,0.4,0.1
420,Jonas Valančiūnas\valanjo01,C,26,TOT,49,1091,24.4,.616,.089,.344,10.7,31.4,21.1,12.0,0.8,4.4,12.7,28.5,,2.2,1.9,4.2,.183,,2.2,0.4,2.6,1.3
421,Emanuel Terry\terryem01,PF,22,TOT,3,23,19.7,.571,.000,.571,14.1,19.6,16.8,12.2,6.2,0.0,18.6,20.1,,0.0,0.0,0.1,.117,,-0.2,2.4,2.3,0.0
422,Garrett Temple\templga01,SG,32,TOT,75,2040,8.5,.543,.535,.217,1.5,10.2,5.8,7.4,1.8,1.4,11.5,13.2,,0.3,2.0,2.2,.052,,-3.3,0.5,-2.8,-0.4
423,Caleb Swanigan\swanica01,PF,21,TOT,21,178,4.7,.377,.132,.170,10.2,27.6,19.1,8.0,1.6,0.5,24.0,17.7,,-0.5,0.2,-0.2,-0.060,,-7.1,0.0,-7.2,-0.2
424,Nik Stauskas\stausni01,SG,25,TOT,68,1015,10.9,.545,.556,.189,1.9,11.7,6.8,11.1,1.0,0.6,12.2,17.6,,0.6,0.5,1.1,.052,,-0.7,-1.2,-1.9,0.0
425,Ray Spalding\spaldra01,PF,21,TOT,14,148,14.6,.516,.064,.255,11.1,25.1,18.0,5.1,2.9,4.5,14.7,17.8,,0.0,0.2,0.2,.051,,-4.3,-0.8,-5.1,-0.1
426,Jason Smith\smithja02,PF-C,32,TOT,20,190,9.8,.492,.441,.271,9.0,20.2,14.6,9.7,0.7,3.1,16.4,17.5,,0.0,0.2,0.2,.038,,-3.7,-1.0,-4.7,-0.1
427,Dennis Smith Jr.\smithde03,PG,21,TOT,53,1508,12.3,.502,.320,.240,2.2,8.7,5.5,27.3,2.1,1.1,17.6,24.8,,-1.2,1.2,0.0,.001,,-1.6,-0.4,-1.9,0.0
428,Jonathon Simmons\simmojo02,SG-SF,29,TOT,56,1064,8.5,.466,.297,.277,2.7,10.0,6.3,16.7,1.3,1.2,14.8,18.7,,-0.8,1.1,0.3,.013,,-3.9,-0.3,-4.2,-0.6
429,Iman Shumpert\shumpim01,SG,28,TOT,62,1481,9.1,.499,.612,.101,1.9,11.4,6.5,9.9,1.9,1.4,9.7,14.5,,0.1,1.2,1.4,.045,,-2.4,0.5,-1.9,0.0
430,Landry Shamet\shamela01,SG,21,TOT,79,1802,11.0,.604,.711,.167,1.3,6.4,3.9,9.0,1.0,0.4,7.0,15.0,,2.7,0.9,3.6,.095,,-0.3,-1.3,-1.6,0.2
431,Wayne Selden\seldewa01,SG,24,TOT,75,1439,8.3,.491,.360,.190,2.8,11.0,6.9,11.3,1.1,0.8,13.1,18.4,,-1.0,0.8,-0.3,-0.009,,-3.8,-1.6,-5.4,-1.2
432,Mike Scott\scottmi01,PF,30,TOT,79,1395,8.6,.528,.600,.079,3.4,17.2,10.5,6.4,0.9,0.7,9.2,14.4,,0.4,1.2,1.6,.053,,-1.9,-0.7,-2.5,-0.2
433,Dario Šarić\saricda01,PF,24,TOT,81,2023,13.1,.563,.464,.216,6.6,17.5,12.1,8.8,1.1,0.4,11.3,17.8,,2.3,1.2,3.5,.084,,-0.3,-1.3,-1.6,0.2
434,Austin Rivers\riverau01,SG,26,TOT,76,2028,7.7,.503,.572,.166,1.3,7.5,4.4,11.5,1.1,1.0,10.0,14.5,,0.4,0.8,1.2,.028,,-3.3,-1.0,-4.3,-1.1
435,Bobby Portis\portibo01,PF,23,TOT,50,1299,16.1,.529,.304,.154,9.0,24.9,16.8,8.8,1.3,1.3,9.9,24.6,,0.5,1.1,1.6,.060,,-0.2,-2.3,-2.4,-0.1
436,Otto Porter\porteot01,SF,25,TOT,56,1683,15.9,.569,.398,.149,3.4,17.0,10.1,10.6,2.3,1.6,8.7,19.1,,1.8,1.5,3.2,.093,,0.8,0.1,0.9,1.2
437,Cameron Payne\payneca01,PG,24,TOT,40,712,11.5,.519,.377,.184,2.0,9.2,5.5,21.8,1.9,1.1,15.7,17.6,,0.1,0.3,0.5,.031,,-2.3,-0.7,-3.0,-0.2
438,Jabari Parker\parkeja01,PF,23,TOT,64,1724,15.5,.560,.260,.246,4.9,21.8,13.3,14.1,1.3,1.5,15.4,24.6,,0.1,1.3,1.4,.039,,-0.7,-0.9,-1.5,0.2
439,Kelly Oubre Jr.\oubreke01,SF,23,TOT,69,1935,15.2,.551,.401,.290,4.0,14.6,9.2,6.8,2.1,2.5,9.8,23.2,,0.9,1.3,2.2,.054,,-0.3,-0.9,-1.2,0.4
440,James Nunnally\nunnaja01,SF,28,TOT,15,102,7.3,.503,.735,.118,0.0,5.3,2.6,9.5,0.5,0.0,2.7,15.3,,0.1,0.0,0.1,.035,,-1.9,-2.9,-4.8,-0.1
441,Sviatoslav Mykhailiuk\mykhasv01,SF,21,TOT,42,440,6.0,.447,.636,.143,2.2,6.2,4.2,10.9,1.5,0.2,12.4,16.0,,-0.4,0.3,-0.1,-0.012,,-3.9,-1.1,-5.0,-0.3
442,Mike Muscala\muscami01,PF,27,TOT,64,1306,10.8,.564,.709,.235,4.7,14.7,9.8,7.7,0.8,2.3,10.8,14.3,,1.2,1.2,2.5,.091,,-0.8,-0.3,-1.1,0.3
443,Markieff Morris\morrima02,PF,29,TOT,58,1270,11.7,.521,.419,.190,5.0,17.5,11.1,8.8,1.3,1.5,9.3,19.1,,0.6,1.1,1.6,.061,,-2.1,-0.6,-2.7,-0.2
444,Eric Moreland\moreler01,PF,27,TOT,5,43,6.7,.500,.143,.000,10.3,39.6,25.2,11.8,1.1,1.9,41.7,12.0,,-0.1,0.1,0.0,.032,,-6.7,2.0,-4.7,0.0
445,Greg Monroe\monrogr01,C,28,TOT,43,480,16.0,.521,.026,.381,15.4,22.9,19.3,8.1,1.4,1.4,12.7,22.6,,0.4,0.7,1.1,.108,,-2.0,-1.3,-3.2,-0.1
446,Nikola Mirotić\mirotni01,PF,27,TOT,46,1245,17.2,.584,.587,.229,5.1,22.6,14.0,6.2,1.2,2.2,7.4,21.4,,2.0,1.4,3.5,.133,,2.1,-0.6,1.5,1.1
447,C.J. Miles\milescj01,SF,31,TOT,53,856,9.0,.504,.653,.186,1.7,10.3,6.1,6.0,1.5,1.5,8.2,18.6,,-0.2,0.9,0.7,.041,,-2.4,-0.5,-2.9,-0.2
448,Patrick McCaw\mccawpa01,SG,23,TOT,29,397,7.5,.532,.444,.238,2.0,10.9,6.5,9.2,2.8,0.4,19.6,9.4,,0.0,0.5,0.5,.065,,-4.8,1.9,-3.0,-0.1
449,Wesley Matthews\matthwe02,SF-SG,32,TOT,69,2091,10.3,.546,.577,.234,1.7,7.1,4.4,11.1,1.3,0.7,10.6,17.8,,1.1,1.5,2.7,.062,,-1.4,-0.5,-1.8,0.1
450,Boban Marjanović\marjabo01,C,30,TOT,58,681,24.2,.664,.038,.504,14.0,26.9,20.6,12.8,1.1,3.1,15.7,23.3,,2.1,0.9,3.0,.212,,2.8,0.3,3.2,0.9
451,Thon Maker\makerth01,C-PF,21,TOT,64,972,11.3,.530,.571,.313,4.5,17.4,11.0,6.3,1.0,4.4,9.8,14.8,,0.5,1.5,2.0,.099,,-2.2,1.0,-1.2,0.2
452,Shelvin Mack\macksh01,PG,28,TOT,57,1246,10.4,.489,.323,.208,1.6,7.9,4.7,22.6,1.9,0.3,13.0,18.1,,-0.2,1.1,0.9,.034,,-2.7,-0.4,-3.0,-0.3
453,Timothé Luwawu-Cabarrot\luwawti01,SF,23,TOT,50,669,8.0,.489,.532,.188,1.7,14.1,7.8,5.5,1.4,1.0,8.2,16.6,,-0.3,0.5,0.2,.015,,-4.1,-1.1,-5.2,-0.5
454,Jeremy Lin\linje01,PG,30,TOT,74,1436,13.5,.558,.346,.388,1.6,11.7,6.6,23.4,1.5,0.8,16.4,21.8,,1.2,0.9,2.1,.070,,-1.4,-0.9,-2.2,-0.1
455,Courtney Lee\leeco01,SG,33,TOT,34,428,10.3,.492,.426,.163,2.2,11.2,6.7,12.8,2.4,0.6,9.2,15.3,,0.1,0.4,0.4,.050,,-3.4,0.8,-2.5,-0.1
456,Skal Labissière\labissk01,PF,22,TOT,22,176,12.6,.593,.265,.347,5.4,20.3,12.8,8.6,1.4,2.8,16.3,16.0,,0.1,0.2,0.3,.089,,-2.9,-0.1,-3.0,0.0
457,Kyle Korver\korveky01,SG-PF,37,TOT,70,1334,11.2,.582,.720,.151,0.7,12.4,6.6,8.9,0.9,0.7,10.3,18.5,,1.0,1.3,2.3,.082,,-0.2,-0.3,-0.5,0.5
458,Brandon Knight\knighbr03,PG,27,TOT,39,736,8.9,.484,.496,.131,1.4,7.7,4.4,14.4,1.4,0.2,9.8,18.1,,-0.1,0.0,0.0,-0.002,,-3.5,-2.0,-5.4,-0.6
459,Enes Kanter\kanteen01,C,26,TOT,67,1640,22.3,.594,.050,.288,16.4,26.1,21.1,12.1,0.9,1.3,13.3,23.1,,3.9,1.6,5.4,.159,,2.5,-1.5,1.0,1.2
460,DeAndre Jordan\jordade01,C,30,TOT,69,2047,19.0,.674,.000,.592,11.7,35.2,23.5,11.6,1.0,3.0,21.4,15.0,,4.0,3.1,7.1,.167,,0.8,1.3,2.1,2.1
461,Wesley Johnson\johnswe01,SF,31,TOT,38,534,5.5,.469,.594,.148,2.4,11.7,7.1,5.3,1.2,1.9,11.7,12.0,,-0.3,0.3,0.0,.001,,-4.3,-0.5,-4.8,-0.4
462,Tyler Johnson\johnsty01,PG,26,TOT,57,1529,12.4,.532,.494,.241,2.4,9.8,6.1,15.9,1.7,1.6,11.7,18.5,,0.9,1.4,2.3,.071,,-0.7,0.3,-0.4,0.6
463,Stanley Johnson\johnsst04,SF,22,TOT,66,1208,9.6,.485,.489,.145,3.0,16.9,9.7,10.6,2.4,1.0,14.7,19.4,,-1.1,1.6,0.5,.021,,-3.1,0.9,-2.2,0.0
464,B.J. Johnson\johnsbj01,SF,23,TOT,7,49,12.8,.609,.389,.111,4.2,13.2,8.6,0.0,1.9,0.0,9.6,17.4,,0.0,0.0,0.1,.066,,-2.3,-2.0,-4.3,0.0
465,John Jenkins\jenkijo01,SG,27,TOT,26,333,9.7,.536,.552,.171,1.8,10.0,5.8,9.9,0.0,0.5,7.4,15.7,,0.2,0.0,0.2,.031,,-1.0,-2.4,-3.4,-0.1
466,Justin Jackson\jacksju01,SF,23,TOT,81,1614,11.3,.561,.505,.163,2.8,11.0,6.9,8.1,0.9,0.7,5.3,14.3,,2.0,0.9,2.9,.086,,-0.8,-0.8,-1.6,0.2
467,Rodney Hood\hoodro01,SG,26,TOT,72,1893,12.3,.545,.352,.231,1.4,7.9,4.6,10.0,1.5,0.5,6.9,18.1,,2.1,0.5,2.6,.065,,-1.2,-0.8,-2.0,0.0
468,Justin Holiday\holidju01,SG,29,TOT,82,2607,10.0,.520,.598,.136,1.9,11.9,6.8,8.1,2.3,1.2,11.2,15.7,,-0.4,2.5,2.1,.038,,-2.3,0.5,-1.8,0.1
469,George Hill\hillge01,PG,32,TOT,60,1302,12.1,.554,.407,.226,3.2,8.3,5.9,14.0,1.9,0.5,11.0,15.1,,1.5,1.3,2.8,.103,,-1.9,0.5,-1.4,0.2
470,Andrew Harrison\harrian01,PG,24,TOT,17,187,5.8,.443,.472,.340,3.4,8.5,5.8,17.1,1.1,0.9,16.5,16.8,,-0.1,0.0,-0.1,-0.027,,-5.8,-1.2,-7.1,-0.2
471,Tobias Harris\harrito02,PF,26,TOT,82,2847,17.2,.592,.313,.245,2.6,20.8,12.0,12.5,0.8,1.0,9.8,22.8,,4.5,2.6,7.1,.120,,2.1,-0.5,1.6,2.6
472,Tim Hardaway Jr.\hardati02,SG,26,TOT,65,2057,13.6,.527,.480,.278,1.7,9.8,5.7,12.8,1.3,0.3,8.6,25.4,,1.0,0.9,1.8,.043,,-0.1,-2.0,-2.0,0.0
473,JaMychal Green\greenja01,PF,28,TOT,65,1371,14.7,.587,.370,.212,8.3,24.3,16.4,5.8,1.6,2.3,14.3,19.4,,0.9,1.9,2.9,.101,,-1.3,-0.4,-1.7,0.1
474,Pau Gasol\gasolpa01,C,38,TOT,30,360,16.7,.529,.138,.426,6.7,34.2,20.6,19.1,0.7,3.5,12.5,15.6,,0.5,0.5,1.1,.142,,1.0,2.1,3.1,0.5
475,Marc Gasol\gasolma01,C,34,TOT,79,2436,16.7,.546,.314,.291,3.6,25.1,14.3,22.2,1.7,3.2,13.6,20.7,,2.0,4.0,6.0,.118,,0.8,2.3,3.1,3.1
476,Tim Frazier\fraziti01,PG,28,TOT,59,1120,11.7,.544,.387,.207,3.9,11.5,7.7,27.6,1.2,0.4,21.1,13.3,,1.3,0.7,2.0,.084,,-1.4,-0.4,-1.8,0.1
477,Kenneth Faried\farieke01,C,29,TOT,37,728,21.6,.622,.094,.374,14.4,23.4,18.8,4.6,1.1,2.7,9.7,20.3,,2.1,0.9,2.9,.193,,1.3,-1.5,-0.2,0.3
478,Jawun Evans\evansja01,PG,22,TOT,8,65,0.1,.214,.214,.000,1.7,19.0,10.2,19.7,2.2,0.0,30.0,13.2,,-0.2,0.0,-0.2,-0.151,,-10.4,0.1,-10.3,-0.1
479,James Ennis\ennisja01,SF,28,TOT,58,1230,11.0,.590,.531,.276,5.3,10.9,8.1,4.7,1.6,1.6,9.3,12.7,,1.6,1.0,2.6,.103,,-1.4,-0.2,-1.5,0.1
480,Wayne Ellington\ellinwa01,SG,31,TOT,53,1297,11.8,.569,.814,.107,1.1,7.9,4.5,8.3,2.0,0.4,7.7,17.2,,1.3,1.4,2.6,.097,,-0.3,0.3,0.0,0.7
481,Henry Ellenson\ellenhe01,PF,22,TOT,19,259,13.1,.538,.400,.263,2.0,25.5,13.4,9.6,1.3,0.7,7.8,19.0,,0.2,0.2,0.4,.077,,-1.0,-0.5,-1.5,0.0
482,Tyler Dorsey\dorsety01,SG,22,TOT,48,698,11.2,.509,.500,.231,4.2,13.7,8.9,12.4,1.0,0.3,8.5,19.7,,0.2,0.4,0.6,.043,,-1.4,-2.1,-3.5,-0.3
483,Matthew Dellavedova\dellama01,PG,28,TOT,48,812,11.1,.532,.537,.215,0.8,9.9,5.2,31.9,0.8,0.2,20.4,17.9,,0.5,0.0,0.5,.028,,-1.7,-2.8,-4.4,-0.5
484,Sam Dekker\dekkesa01,PF,24,TOT,47,788,13.3,.519,.242,.180,7.2,13.5,10.2,8.3,2.3,0.7,8.0,16.2,,0.6,0.5,1.0,.064,,-1.0,-0.7,-1.8,0.1
485,Mitch Creek\creekmi01,SF,26,TOT,5,48,20.2,.550,.125,.438,13.2,13.1,13.2,18.6,2.0,0.0,5.0,17.6,,0.1,0.0,0.2,.196,,2.4,1.1,3.5,0.1
486,Robert Covington\covinro01,SF,28,TOT,35,1203,13.3,.580,.622,.246,2.5,14.6,8.5,5.2,2.9,3.2,10.5,15.6,,0.9,1.6,2.5,.100,,-0.5,2.1,1.6,1.1
487,Marquese Chriss\chrisma01,PF,21,TOT,43,499,9.2,.455,.400,.250,8.6,23.6,15.8,6.5,1.7,1.9,15.3,20.6,,-0.6,0.4,-0.2,-0.023,,-5.7,-1.9,-7.5,-0.7
488,Wilson Chandler\chandwi01,PF-SF,31,TOT,51,1177,8.5,.537,.579,.092,4.4,14.6,9.7,9.1,1.0,1.4,13.9,11.8,,0.5,1.0,1.5,.062,,-2.3,-0.5,-2.8,-0.2
489,Tyson Chandler\chandty01,C,36,TOT,55,875,11.2,.630,.010,.879,11.1,25.3,18.3,5.3,1.1,2.2,23.4,8.5,,0.9,1.2,2.1,.114,,-2.9,0.8,-2.1,0.0
490,Michael Carter-Williams\cartemi01,PG,27,TOT,28,372,14.7,.458,.309,.431,5.4,15.0,10.1,26.5,2.6,3.4,12.0,19.4,,0.2,0.6,0.8,.099,,-1.4,2.2,0.8,0.3
491,Isaiah Canaan\canaais01,PG,27,TOT,30,629,8.0,.518,.585,.146,1.0,9.2,5.1,18.2,1.1,0.3,16.7,14.2,,0.0,0.1,0.1,.008,,-2.7,-1.4,-4.1,-0.3
492,Jimmy Butler\butleji01,SF-SG,29,TOT,65,2185,20.2,.571,.213,.404,6.0,10.5,8.3,18.0,2.7,1.4,8.2,22.3,,5.4,2.5,7.9,.173,,2.8,0.9,3.7,3.2
493,Alec Burks\burksal01,SG,27,TOT,64,1375,12.7,.523,.354,.297,2.3,17.0,9.4,13.7,1.4,1.3,10.8,19.0,,0.7,0.8,1.5,.052,,-0.6,-0.7,-1.2,0.3
494,Trey Burke\burketr01,PG,26,TOT,58,1125,16.5,.524,.290,.226,2.6,6.7,4.6,24.1,1.4,0.5,7.5,24.8,,1.4,0.5,1.9,.081,,1.5,-1.4,0.1,0.6
495,Reggie Bullock\bullore01,SG,27,TOT,63,1879,10.5,.563,.662,.143,1.2,8.8,4.9,10.1,1.0,0.5,9.3,15.8,,1.6,1.4,3.1,.078,,-0.7,-0.4,-1.1,0.4
496,Corey Brewer\breweco01,SF,32,TOT,31,492,11.6,.532,.358,.350,5.4,10.7,8.0,10.2,3.0,1.2,11.8,13.6,,0.4,0.6,1.0,.095,,-2.9,1.6,-1.3,0.1
497,Avery Bradley\bradlav01,SG,28,TOT,63,1905,7.6,.496,.403,.082,2.5,7.3,4.9,11.8,1.0,0.7,12.4,16.2,,-0.6,1.0,0.3,.009,,-2.8,-0.9,-3.7,-0.8
498,Harrison Barnes\barneha02,PF-SF,26,TOT,77,2533,12.8,.550,.429,.271,2.4,12.7,7.5,6.7,0.9,0.4,7.9,20.9,,2.0,1.6,3.6,.068,,-0.2,-1.2,-1.4,0.4
499,Ron Baker\bakerro01,SG,25,TOT,15,152,2.5,.309,.650,.300,0.7,7.1,3.8,12.8,1.9,0.6,18.1,7.8,,-0.2,0.1,-0.1,-0.034,,-7.7,0.7,-7.0,-0.2
500,Trevor Ariza\arizatr01,SF,33,TOT,69,2349,12.0,.534,.590,.223,2.3,15.2,8.6,14.8,1.8,0.7,11.6,16.6,,1.3,1.2,2.5,.052,,-0.7,-0.6,-1.3,0.4
501,Ryan Anderson\anderry01,PF,30,TOT,25,322,4.6,.414,.580,.232,6.1,12.5,9.2,7.8,0.6,0.3,15.5,12.0,,-0.3,0.0,-0.2,-0.035,,-4.5,-1.9,-6.4,-0.4
502,Ekpe Udoh\udohek01,C,31,UTA,51,320,20.9,.698,.000,.417,9.3,20.9,15.2,12.8,1.5,7.7,13.2,13.1,,0.9,0.7,1.6,.238,,0.8,3.9,4.7,0.5
503,Thabo Sefolosha\sefolth01,SF,34,UTA,50,609,12.1,.599,.523,.148,1.4,20.1,10.9,6.1,3.4,0.7,13.6,12.9,,0.2,1.2,1.5,.115,,-1.6,3.1,1.5,0.5
504,Ricky Rubio\rubiori01,PG,28,UTA,68,1899,14.0,.520,.348,.312,1.9,11.8,6.9,32.1,2.3,0.4,17.8,22.7,,0.9,2.8,3.7,.095,,-1.0,0.8,-0.2,0.9
505,Royce O'Neale\onealro01,SF,25,UTA,82,1671,9.0,.589,.513,.122,1.5,16.7,9.2,10.0,1.5,1.1,16.2,11.0,,0.7,2.5,3.3,.094,,-2.6,2.1,-0.5,0.6
506,Georges Niang\niangge01,PF,25,UTA,59,516,13.0,.613,.580,.133,2.4,15.7,9.1,10.1,0.9,0.9,10.7,17.8,,0.7,0.7,1.3,.123,,-0.2,0.2,0.0,0.3
507,Raul Neto\netora01,PG,26,UTA,37,474,13.5,.558,.373,.205,1.4,12.6,7.1,28.7,1.4,0.7,16.6,19.0,,0.5,0.6,1.1,.116,,-1.1,0.8,-0.3,0.2
508,Naz Mitrou-Long\mitrona01,SG,25,UTA,14,84,2.2,.383,.550,.100,1.3,6.3,3.9,23.3,0.6,0.9,27.7,14.7,,-0.2,0.1,-0.1,-0.046,,-7.1,-1.6,-8.7,-0.1
509,Donovan Mitchell\mitchdo01,SG,22,UTA,77,2598,17.2,.537,.339,.259,2.5,10.5,6.6,21.2,2.0,0.9,11.3,31.6,,1.3,3.7,5.0,.092,,1.2,0.1,1.3,2.2
510,Joe Ingles\inglejo01,PF,31,UTA,82,2568,13.4,.581,.602,.153,1.5,12.2,7.0,26.1,1.8,0.6,18.4,17.5,,2.5,3.6,6.0,.113,,0.3,1.1,1.4,2.2
511,Rudy Gobert\goberru01,C,26,UTA,81,2577,24.6,.682,.000,.733,13.2,30.2,21.9,9.6,1.2,5.8,12.1,17.8,,8.7,5.7,14.4,.268,,3.0,2.5,5.4,4.8
512,Derrick Favors\favorde01,C,27,UTA,76,1766,21.8,.624,.126,.368,12.9,21.3,17.2,8.0,1.5,4.8,10.5,19.4,,4.4,3.5,7.9,.215,,1.8,1.5,3.3,2.4
513,Dante Exum\exumda01,PG,23,UTA,42,664,11.2,.516,.257,.357,2.7,8.3,5.5,24.1,1.0,0.6,15.7,21.3,,0.2,0.7,1.0,.069,,-2.0,-0.1,-2.1,0.0
514,Jae Crowder\crowdja01,SF,28,UTA,80,2166,12.1,.538,.655,.247,3.1,15.9,9.6,8.9,1.4,1.1,8.8,19.1,,1.3,3.1,4.4,.097,,-0.3,0.6,0.3,1.2
515,Tyler Cavanaugh\cavanty01,PF,24,UTA,11,39,5.0,.414,.500,.200,8.5,13.6,11.1,3.4,0.0,0.0,8.4,13.0,,0.0,0.0,0.0,.026,,-5.3,-3.1,-8.4,-0.1
516,Tony Bradley\bradlto01,C,21,UTA,3,36,19.6,.504,.000,.125,27.6,17.7,22.6,4.5,2.7,4.4,15.1,23.6,,0.0,0.1,0.1,.130,,-3.6,-2.4,-6.0,0.0
517,Grayson Allen\allengr01,SG,23,UTA,38,416,7.5,.516,.556,.337,0.8,5.1,3.0,8.9,0.7,1.1,13.9,24.4,,-0.4,0.4,0.0,.002,,-4.2,-2.1,-6.3,-0.5
518,Okaro White\whiteok01,PF,26,WAS,3,6,-4.5,.000,1.000,.000,17.8,18.4,18.1,0.0,0.0,0.0,0.0,14.1,,0.0,0.0,0.0,-0.251,,-9.0,-7.8,-16.8,0.0
519,John Wall\walljo01,PG,28,WAS,32,1104,18.0,.527,.306,.317,1.5,10.1,5.7,39.2,2.1,2.2,16.1,28.8,,0.5,0.7,1.2,.051,,2.2,-1.4,0.9,0.8
520,Tomáš Satoranský\satorto01,PG,27,WAS,80,2164,14.1,.590,.306,.302,4.0,10.0,7.0,24.6,1.8,0.5,16.7,14.1,,3.8,0.9,4.7,.104,,-0.4,-0.3,-0.7,0.7
521,Devin Robinson\robinde01,SF,23,WAS,7,95,20.6,.616,.063,.438,6.7,16.2,11.4,9.5,2.0,5.3,5.0,17.9,,0.2,0.1,0.3,.175,,0.8,1.1,1.9,0.1
522,Chasson Randle\randlch01,PG,25,WAS,49,743,9.9,.555,.530,.286,1.4,6.8,4.1,17.5,1.6,0.3,15.0,16.4,,0.4,0.2,0.6,.041,,-2.7,-1.3,-4.0,-0.4
523,Gary Payton II\paytoga02,PG,26,WAS,3,16,36.9,.688,.250,.000,6.7,6.9,6.8,45.1,8.9,5.3,11.1,23.8,,0.1,0.0,0.1,.358,,8.3,10.6,18.9,0.1
524,Jordan McRae\mcraejo01,SG,27,WAS,27,333,14.3,.550,.269,.269,1.9,11.3,6.5,13.2,1.8,1.8,9.4,20.4,,0.3,0.2,0.5,.066,,-0.9,-0.8,-1.7,0.0
525,Ian Mahinmi\mahinia01,C,32,WAS,34,498,12.0,.531,.154,.587,10.3,17.7,13.9,6.5,2.4,2.7,13.8,12.9,,0.5,0.5,1.0,.092,,-3.5,0.6,-3.0,-0.1
526,Dwight Howard\howardw01,C,33,WAS,9,230,17.4,.638,.000,.696,11.1,28.3,19.6,2.6,1.4,1.5,15.1,19.6,,0.4,0.2,0.6,.124,,-1.3,-1.7,-3.0,-0.1
527,Jeff Green\greenje02,PF,32,WAS,77,2097,13.6,.608,.466,.300,2.9,13.3,8.0,9.2,1.0,1.6,11.5,17.8,,2.8,0.8,3.6,.083,,0.0,-1.4,-1.4,0.3
528,Thomas Bryant\bryanth01,C,21,WAS,72,1496,21.0,.674,.197,.273,8.1,25.1,16.5,9.3,0.8,3.8,9.6,17.6,,4.3,1.3,5.6,.178,,2.3,-0.3,2.0,1.5
529,Troy Brown Jr.\browntr01,SF,19,WAS,52,730,11.1,.487,.295,.201,5.1,16.6,10.8,14.9,1.4,0.6,10.5,16.5,,0.2,0.4,0.6,.039,,-1.7,-1.0,-2.7,-0.1
530,Bradley Beal\bealbr01,SG,25,WAS,82,3028,20.8,.581,.370,.278,3.1,11.7,7.4,24.1,1.9,1.6,11.0,28.4,,5.9,1.7,7.6,.120,,3.8,-0.8,2.9,3.7
